status,file,sol,obj,rsTime,preTime,totTime,variables,Constraints
@,normalized-6_6_7.opb,0,-,0.0782684,0,0.0782684,182,798
@,normalized-4_5_0.opb,0,-,0.0344782,0,0.0344782,20,69
@,normalized-single-obj-f18-AC1Loss.seq-A-2-combined-irEDCBA.opb,1,7150,0.0517266,0,0.0517266,87,182
&,normalized-sha1-size144-round21-6.opb,timeout,-1,-1,-1,-1,3968,7920
@,normalized-7_7_7.opb,0,-,0.079911,0,0.079911,210,929
@,normalized-3col-almost3reg-l045-r044-n1.opb,0,-,40.7023,0,40.7023,2484,5292
&,normalized-sha1-size160-round22-4.opb,timeout,-1,-1,-1,-1,4128,8736
@,normalized-single-obj-f26-ACDoubleLoss.seq-A-2-2-irabcde.opb,1,257688,0.051843,0,0.051843,173,415
@,normalized-vertexcover-grid10x25.opb,0,-,0.0573753,0,0.0573753,250,501
&,normalized-5_6_30.opb,timeout,-1,-1,-1,-1,1260,5990
@,normalized-8_7_19.opb,0,-,198.932,0,198.932,756,3542
@,normalized-single-obj-f19-ACTotalLoss.seq-A-3-1-irEDCBA.opb,1,890573,0.0556753,0,0.0556753,227,569
@,normalized-sumineqArity3pyramidP0064.opb,0,-,0.153781,0,0.153781,6435,2146
@,normalized-8_7_20.opb,1,-,0.0940854,0,0.0940854,812,3813
@,normalized-single-obj-f28-AC_ESSLoss.seq-B-2-combined-irabcde.opb,1,93672,0.052881,0,0.052881,143,308
@,normalized-vertexcover-grid8x25-hard.opb,0,-,0.099306,0,0.099306,200,401
@,normalized-sumineqArity5houseP064.opb,0,-,0.522572,0,0.522572,20795,4160
@,normalized-vertexcover-grid8x19-hard.opb,0,-,0.0992232,0,0.0992232,152,305
@,normalized-subsetcard-eq-fixedbandwidth-35.opb,0,-,0.0485994,0,0.0485994,141,70
&,normalized-sha1-size144-round22-9.opb,timeout,-1,-1,-1,-1,4128,8720
@,normalized-single-obj-f27-DC2Loss.seq-A-2-1-EDCBAir.opb,1,-4878,0.0550877,0,0.0550877,207,460
@,normalized-subsetcard-eq-random4regular-65.opb,0,-,0.052739,0,0.052739,261,130
@,normalized-vertexcover-grid6x23-hard.opb,0,-,0.0631206,0,0.0631206,138,277
@,normalized-7_7_12.opb,0,-,0.823598,0,0.823598,380,1734
&,normalized-sha1-size112-round22-6.opb,timeout,-1,-1,-1,-1,4128,8688
&,normalized-sha1-size112-round23-3.opb,timeout,-1,-1,-1,-1,4288,9488
&,normalized-sha1-size160-round22-3.opb,timeout,-1,-1,-1,-1,4128,8736
&,normalized-sha1-size96-round23-6.opb,timeout,-1,-1,-1,-1,4288,9472
&,normalized-compression64_17.opb,timeout,-1,-1,-1,-1,6642,32486
@,normalized-ECgrid5x70split.opb,0,-,154.643,0,154.643,701,351
&,normalized-sha1-size112-round23-1.opb,timeout,-1,-1,-1,-1,4288,9488
@,air02.0.u.opb,0,-,0.513281,0,0.513281,6774,51
@,normalized-vertexcover-grid4x11.opb,0,-,0.0523971,0,0.0523971,44,89
@,normalized-5_7_7.opb,0,-,0.072235,0,0.072235,156,677
&,normalized-sha1-size128-round23-9.opb,timeout,-1,-1,-1,-1,4288,9504
@,normalized-vertexcover-grid6x13-hard.opb,0,-,0.0574724,0,0.0574724,78,157
@,normalized-single-obj-f28-AC_ESSLoss.seq-A-2-2-abcdeir.opb,1,32412,0.0516746,0,0.0516746,137,288
@,normalized-ECgrid5x60split.opb,0,-,206.493,0,206.493,601,301
@,normalized-single-obj-f20-ACTotalLoss.seq-B-2-combined-abcdeir.opb,1,11562,0.0603654,0,0.0603654,263,677
@,normalized-vertexcover-grid8x11-hard.opb,0,-,0.0657437,0,0.0657437,88,177
@,normalized-2_3_4.opb,0,-,0.0541695,0,0.0541695,42,161
&,normalized-sha1-size128-round23-4.opb,timeout,-1,-1,-1,-1,4288,9504
&,normalized-sha1-size160-round21-2.opb,timeout,-1,-1,-1,-1,3968,7936
@,normalized-single-obj-f23-DC1Loss.seq-A-2-2-abcdeir.opb,1,179222,0.0523773,0,0.0523773,199,436
@,normalized-sha1-size128-round21-9.opb,1,-,280.818,0,280.818,3968,7904
@,cracpb1.0.s.opb,1,-,0.262639,0,0.262639,572,145
@,normalized-8_6_25.opb,0,-,349.538,0,349.538,1122,5318
@,normalized-single-obj-f28-AC_ESSLoss.seq-B-3-1-abcdeir.opb,1,16212,0.0499802,0,0.0499802,129,262
&,normalized-sha1-size112-round23-9.opb,timeout,-1,-1,-1,-1,4288,9488
@,normalized-single-obj-f26-ACDoubleLoss.seq-A-2-2-irEDCBA.opb,1,256578,0.0492971,0,0.0492971,173,415
@,normalized-6_6_14.opb,0,-,1.07838,0,1.07838,420,1925
@,normalized-single-obj-f19-ACTotalLoss.seq-A-3-2-EDCBAir.opb,1,-6877,0.0564828,0,0.0564828,227,569
@,normalized-vertexcover-grid10x27-hard.opb,0,-,0.347247,0,0.347247,270,541
@,normalized-vertexcover-completegraph-41.opb,0,-,0.0518969,0,0.0518969,41,821
@,normalized-single-obj-f28-AC_ESSLoss.seq-A-2-2-irabcde.opb,1,95472,0.0489891,0,0.0489891,137,288
@,normalized-ECgrid5x110split.opb,0,-,558.799,0,558.799,1101,551
@,diamond.0.d.opb,0,-,0.0322278,0,0.0322278,2,4
@,normalized-3_5_3.opb,0,-,0.0351708,0,0.0351708,42,161
@,normalized-3col-almost3reg-l060-r059-n1.opb,0,-,3682.86,0,3682.86,3282,6986
@,normalized-ECgrid5x150split.opb,0,-,1370.88,0,1370.88,1501,751
@,normalized-ECrand4regsplit-v080-n1.opb,0,-,0.0759819,0,0.0759819,159,80
@,normalized-rand6reg-v041-n2.opb,0,-,0.303102,0,0.303102,123,41
@,normalized-single-obj-f26-ACDoubleLoss.seq-A-2-combined-abcdeir.opb,1,37833,0.0524248,0,0.0524248,191,475
@,normalized-single-obj-f27-DC2Loss.seq-B-2-combined-EDCBAir.opb,1,-39178,0.0570652,0,0.0570652,211,476
@,normalized-3_4_7.opb,0,-,0.0594611,0,0.0594611,110,465
@,normalized-ECrand4regsplit-v070-n1.opb,0,-,0.101722,0,0.101722,139,70
&,normalized-5_6_33.opb,timeout,-1,-1,-1,-1,1482,7073
@,normalized-7_7_11.opb,0,-,0.17599,0,0.17599,342,1553
@,normalized-single-obj-f18-AC1Loss.seq-A-2-1-irabcde.opb,1,7696,0.0495156,0,0.0495156,86,178
@,normalized-3_6_2.opb,0,-,0.0353594,0,0.0353594,30,110
@,normalized-vertexcover-grid6x13.opb,0,-,0.0515182,0,0.0515182,78,157
@,normalized-single-obj-f20-ACTotalLoss.seq-B-2-1-irabcde.opb,1,202398,0.0589192,0,0.0589192,253,637
@,normalized-subsetcard-geq-random4regular-60.opb,0,-,0.0500415,0,0.0500415,241,120
@,normalized-single-obj-f23-DC1Loss.seq-A-2-combined-irabcde.opb,1,728064,0.0537813,0,0.0537813,211,476
@,normalized-single-obj-f26-ACDoubleLoss.seq-B-2-1-abcdeir.opb,1,23133,0.0532865,0,0.0532865,185,451
&,normalized-sha1-size144-round23-8.opb,timeout,-1,-1,-1,-1,4288,9520
@,normalized-single-obj-f20-ACTotalLoss.seq-A-2-2-irabcde.opb,1,203154,0.0530537,0,0.0530537,233,577
&,normalized-5_6_31.opb,timeout,-1,-1,-1,-1,1332,6341
@,normalized-vertexcover-grid6x27-hard.opb,0,-,0.0655533,0,0.0655533,162,325
@,normalized-vertexcover-grid4x25.opb,0,-,0.0528744,0,0.0528744,100,201
@,normalized-single-obj-f19-ACTotalLoss.seq-A-3-1-abcdeir.opb,1,274943,0.0554315,0,0.0554315,227,569
@,normalized-single-obj-f19-ACTotalLoss.seq-A-2-1-irabcde.opb,1,206682,0.0583682,0,0.0583682,253,637
&,normalized-sha1-size128-round22-7.opb,timeout,-1,-1,-1,-1,4128,8704
&,normalized-sha1-size144-round22-8.opb,timeout,-1,-1,-1,-1,4128,8720
@,mod008.opb,1,307,0.303582,0,0.303582,319,6
@,normalized-5_6_5.opb,0,-,0.0611088,0,0.0611088,110,465
@,normalized-2_5_3.opb,1,-,0.0490756,0,0.0490756,30,110
@,normalized-sha1-size80-round21-3.opb,1,-,802.571,0,802.571,3968,7856
&,normalized-sha1-size160-round23-6.opb,timeout,-1,-1,-1,-1,4288,9536
@,normalized-vertexcover-grid4x21-hard.opb,0,-,0.101626,0,0.101626,84,169
@,normalized-single-obj-f27-DC2Loss.seq-A-3-combined-irEDCBA.opb,1,720889,0.0518068,0,0.0518068,183,384
&,normalized-sha1-size96-round22-4.opb,timeout,-1,-1,-1,-1,4128,8672
@,normalized-compression64_27.opb,1,-,0.581801,0,0.581801,8372,41046
@,normalized-rand6reg-v051-n3.opb,0,-,0.103458,0,0.103458,153,51
&,normalized-sha1-size80-round23-4.opb,timeout,-1,-1,-1,-1,4288,9456
@,normalized-7_7_18.opb,1,-,0.207909,0,0.207909,650,3030
@,normalized-sha1-size112-round21-6.opb,1,-,512.558,0,512.558,3968,7888
@,normalized-ECrand6reg-v011-n1.opb,0,-,0.0508974,0,0.0508974,33,11
@,normalized-5_6_0.opb,0,-,0.0336868,0,0.0336868,30,110
&,256ebits_0.opb,timeout,-1,-1,-1,-1,512,3
@,normalized-single-obj-f19-ACTotalLoss.seq-A-3-2-abcdeir.opb,1,80903,0.0561659,0,0.0561659,227,569
@,normalized-compression64_26.opb,1,-,0.653756,0,0.653756,8190,40145
@,normalized-ECrand6reg-v081-n1.opb,0,-,0.726396,0,0.726396,243,81
@,normalized-subsetcard-eq-fixedbandwidth-45.opb,0,-,0.0501589,0,0.0501589,181,90
@,normalized-vertexcover-grid4x9.opb,0,-,0.0494526,0,0.0494526,36,73
@,normalized-single-obj-f18-AC1Loss.seq-A-2-combined-abcdeir.opb,1,3847,0.0506692,0,0.0506692,87,182
@,normalized-7_7_16.opb,0,-,34.7054,0,34.7054,552,2558
@,normalized-single-obj-f28-AC_ESSLoss.seq-B-2-combined-EDCBAir.opb,1,-6738,0.0530037,0,0.0530037,143,308
@,normalized-single-obj-f27-DC2Loss.seq-A-2-2-irabcde.opb,1,728064,0.0536431,0,0.0536431,199,436
@,normalized-single-obj-f23-DC1Loss.seq-B-2-2-irabcde.opb,1,721792,0.0531456,0,0.0531456,199,436
@,normalized-ECgrid5x90split.opb,0,-,535.433,0,535.433,901,451
&,normalized-sha1-size128-round21-8.opb,timeout,-1,-1,-1,-1,3968,7904
@,normalized-vertexcover-grid4x5-hard.opb,0,-,0.0492875,0,0.0492875,20,41
@,normalized-vertexcover-grid4x25-hard.opb,0,-,0.0560677,0,0.0560677,100,201
@,normalized-single-obj-f23-DC1Loss.seq-A-2-2-irabcde.opb,1,728064,0.0523514,0,0.0523514,199,436
@,normalized-single-obj-f26-ACDoubleLoss.seq-B-3-1-irabcde.opb,1,257688,0.05151,0,0.05151,149,337
@,normalized-3_4_1.opb,0,-,0.0344397,0,0.0344397,20,69
@,normalized-5_6_6.opb,0,-,0.0663047,0,0.0663047,132,566
@,normalized-single-obj-f26-ACDoubleLoss.seq-B-3-combined-abcdeir.opb,1,37833,0.0540799,0,0.0540799,149,337
@,normalized-vertexcover-completegraph-17.opb,0,-,0.0488216,0,0.0488216,17,137
@,normalized-single-obj-f28-AC_ESSLoss.seq-A-3-2-irEDCBA.opb,1,93307,0.0492557,0,0.0492557,129,262
&,normalized-sha1-size80-round22-7.opb,timeout,-1,-1,-1,-1,4128,8656
&,normalized-sha1-size144-round22-2.opb,timeout,-1,-1,-1,-1,4128,8720
@,normalized-3_4_6.opb,0,-,0.060601,0,0.060601,90,374
@,bm23.0.u.opb,0,-,0.0528845,0,0.0528845,27,21
@,normalized-single-obj-f23-DC1Loss.seq-B-2-combined-irEDCBA.opb,1,719328,0.0578936,0,0.0578936,211,476
@,normalized-subsetcard-geq-random4regular-55.opb,0,-,0.0493962,0,0.0493962,221,110
@,normalized-rand6reg-v061-n3.opb,0,-,0.388885,0,0.388885,183,61
@,pipex.opb,1,788263,0.239515,0,0.239515,48,25
@,normalized-vertexcover-completegraph-7.opb,0,-,0.0458459,0,0.0458459,7,22
@,sentoy.0.u.opb,0,-,0.0583899,0,0.0583899,60,31
@,normalized-vertexcover-grid10x29.opb,0,-,0.0603308,0,0.0603308,290,581
@,enigma.opb,1,0,0.158123,0,0.158123,100,21
@,normalized-3_4_8.opb,0,-,0.0619083,0,0.0619083,132,566
@,normalized-sha1-size112-round21-5.opb,1,-,650.471,0,650.471,3968,7888
@,normalized-ECrand6reg-v041-n1.opb,0,-,0.0642536,0,0.0642536,123,41
@,normalized-6_6_18.opb,0,-,17.0167,0,17.0167,600,2789
@,normalized-vertexcover-grid6x19-hard.opb,0,-,0.0615115,0,0.0615115,114,229
@,normalized-sha1-size144-round21-9.opb,1,-,665.627,0,665.627,3968,7920
@,normalized-2_7_2.opb,0,-,0.0356831,0,0.0356831,20,69
@,normalized-single-obj-f18-AC1Loss.seq-A-2-2-irEDCBA.opb,1,7159,0.051834,0,0.051834,84,172
&,normalized-sha1-size128-round22-0.opb,timeout,-1,-1,-1,-1,4128,8704
@,normalized-sha1-size144-round21-3.opb,1,-,498.053,0,498.053,3968,7920
&,normalized-6_6_34.opb,timeout,-1,-1,-1,-1,1640,7845
@,normalized-single-obj-f22-AC2Loss.seq-A-2-1-abcdeir.opb,1,5287,0.0495241,0,0.0495241,86,178
@,normalized-rand6reg-v091-n2.opb,0,-,0.774265,0,0.774265,273,91
@,normalized-single-obj-f28-AC_ESSLoss.seq-B-3-2-irabcde.opb,1,94392,0.0494785,0,0.0494785,129,262
@,normalized-single-obj-f23-DC1Loss.seq-A-2-combined-EDCBAir.opb,1,-4878,0.0550479,0,0.0550479,211,476
@,normalized-sumineqArity4houseP032.opb,0,-,0.102592,0,0.102592,4220,1056
@,normalized-ECgrid3x30split.opb,0,-,0.221195,0,0.221195,181,91
@,normalized-3_4_12.opb,0,-,0.0743704,0,0.0743704,240,1070
@,normalized-4_5_8.opb,0,-,0.0725026,0,0.0725026,156,677
@,stein15.opb,1,9,0.0482992,0,0.0482992,15,36
&,normalized-sha1-size144-round23-9.opb,timeout,-1,-1,-1,-1,4288,9520
@,normalized-4_5_22.opb,0,-,4.38191,0,4.38191,702,3281
@,normalized-vertexcover-grid4x29-hard.opb,0,-,0.0607608,0,0.0607608,116,233
@,normalized-3_5_6.opb,0,-,0.0590769,0,0.0590769,90,374
@,normalized-vertexcover-completegraph-11.opb,0,-,0.0494532,0,0.0494532,11,56
@,normalized-rand6reg-v051-n1.opb,0,-,0.116464,0,0.116464,153,51
@,normalized-sumineqArity5houseP128.opb,0,-,8.27937,0,8.27937,82555,16512
@,normalized-6_6_17.opb,0,-,2.99802,0,2.99802,552,2558
@,normalized-6_6_5.opb,0,-,0.0694399,0,0.0694399,132,566
@,normalized-single-obj-f26-ACDoubleLoss.seq-A-2-combined-irabcde.opb,1,257688,0.0490397,0,0.0490397,191,475
@,normalized-compression16_3.opb,0,-,0.0405904,0,0.0405904,380,1734
&,normalized-sha1-size128-round22-6.opb,timeout,-1,-1,-1,-1,4128,8704
@,normalized-single-obj-f22-AC2Loss.seq-A-3-1-irabcde.opb,1,7936,0.0509331,0,0.0509331,80,159
@,normalized-8_6_27.opb,0,-,983.53,0,983.53,1260,5990
@,normalized-vertexcover-completegraph-13.opb,0,-,0.0501396,0,0.0501396,13,79
&,normalized-sha1-size160-round21-6.opb,timeout,-1,-1,-1,-1,3968,7936
&,normalized-sha1-size112-round23-4.opb,timeout,-1,-1,-1,-1,4288,9488
@,normalized-ECgrid5x10split.opb,0,-,0.0648432,0,0.0648432,101,51
@,normalized-rand6reg-v011-n1.opb,0,-,0.0519242,0,0.0519242,33,11
@,normalized-8_6_23.opb,0,-,113.897,0,113.897,992,4686
@,normalized-4_6_2.opb,0,-,0.0368232,0,0.0368232,42,161
&,normalized-sha1-size144-round22-3.opb,timeout,-1,-1,-1,-1,4128,8720
@,normalized-sumineqArity4pyramidP0125.opb,0,-,1.36042,0,1.36042,32004,8002
@,normalized-single-obj-f26-ACDoubleLoss.seq-A-2-1-EDCBAir.opb,1,-2592,0.054653,0,0.054653,185,451
@,normalized-5_6_11.opb,0,-,0.115673,0,0.115673,272,1221
@,normalized-sha1-size80-round21-6.opb,1,-,0.266039,0,0.266039,3968,7856
@,normalized-single-obj-f28-AC_ESSLoss.seq-B-2-2-irEDCBA.opb,1,93162,0.0512885,0,0.0512885,137,288
@,normalized-single-obj-f26-ACDoubleLoss.seq-B-3-2-irEDCBA.opb,1,256578,0.0515188,0,0.0515188,149,337
&,normalized-5_6_38.opb,timeout,-1,-1,-1,-1,1892,9078
@,normalized-3col-left3reg-l020-r019-n1.opb,0,-,0.145417,0,0.145417,1521,3273
@,normalized-single-obj-f26-ACDoubleLoss.seq-A-2-1-abcdeir.opb,1,138633,0.05661,0,0.05661,185,451
@,normalized-subsetcard-eq-random4regular-75.opb,0,-,0.052211,0,0.052211,301,150
&,normalized-sha1-size112-round22-1.opb,timeout,-1,-1,-1,-1,4128,8688
@,stein9.0.u.opb,0,-,0.0429409,0,0.0429409,9,14
@,normalized-rand6reg-v051-n2.opb,0,-,0.126126,0,0.126126,153,51
@,cracpb1.opb,1,22199,0.286197,0,0.286197,572,144
@,normalized-ECrand4regsplit-v040-n1.opb,0,-,0.0591501,0,0.0591501,79,40
@,normalized-7_6_20.opb,0,-,35.6341,0,35.6341,756,3542
&,normalized-sha1-size80-round22-2.opb,timeout,-1,-1,-1,-1,4128,8656
@,normalized-vertexcover-completegraph-19.opb,0,-,0.0481598,0,0.0481598,19,172
@,normalized-single-obj-f26-ACDoubleLoss.seq-A-2-1-irabcde.opb,1,260568,0.0546996,0,0.0546996,185,451
&,normalized-sha1-size144-round23-2.opb,timeout,-1,-1,-1,-1,4288,9520
&,normalized-compression64_19.opb,timeout,-1,-1,-1,-1,6972,34118
@,stein45.opb,1,30,1083.61,0,1083.61,45,331
@,normalized-sha1-size160-round21-3.opb,1,-,1453.7,0,1453.7,3968,7936
@,normalized-single-obj-f23-DC1Loss.seq-A-3-combined-irabcde.opb,1,749568,0.0512075,0,0.0512075,183,384
@,normalized-vertexcover-completegraph-29.opb,0,-,0.0491359,0,0.0491359,29,407
@,normalized-3_5_12.opb,1,-,0.0847485,0,0.0847485,240,1070
&,32array_alg_ineq5.opb,timeout,-1,-1,-1,-1,6432,6371
@,normalized-vertexcover-grid10x17.opb,0,-,0.0556969,0,0.0556969,170,341
@,normalized-subsetcard-eq-fixedbandwidth-60.opb,0,-,0.0519662,0,0.0519662,241,120
@,normalized-7_6_24.opb,0,-,245.786,0,245.786,992,4686
@,normalized-5_6_8.opb,0,-,0.0873236,0,0.0873236,182,798
&,normalized-sha1-size80-round23-1.opb,timeout,-1,-1,-1,-1,4288,9456
@,normalized-sumineqArity5houseP032.opb,0,-,0.0895855,0,0.0895855,5275,1056
&,normalized-compression64_16.opb,timeout,-1,-1,-1,-1,6480,31685
@,normalized-3_5_10.opb,0,-,0.0829365,0,0.0829365,182,798
@,normalized-single-obj-f21-DC_ESSLoss.seq-B-2-2-irEDCBA.opb,1,30,0.0495773,0,0.0495773,59,80
@,normalized-single-obj-f27-DC2Loss.seq-B-3-1-irabcde.opb,1,724480,0.0531105,0,0.0531105,183,384
@,normalized-single-obj-f23-DC1Loss.seq-B-2-1-irabcde.opb,1,722968,0.0534413,0,0.0534413,207,460
@,normalized-5_6_4.opb,0,-,0.0651232,0,0.0651232,90,374
@,normalized-compression8_21.opb,1,-,0.572306,0,0.572306,870,4094
&,normalized-sha1-size144-round22-4.opb,timeout,-1,-1,-1,-1,4128,8720
@,normalized-single-obj-f26-ACDoubleLoss.seq-B-2-1-irEDCBA.opb,1,256158,0.0568,0,0.0568,185,451
&,normalized-sha1-size96-round22-5.opb,timeout,-1,-1,-1,-1,4128,8672
&,normalized-sha1-size112-round22-5.opb,timeout,-1,-1,-1,-1,4128,8688
@,normalized-5_7_9.opb,1,-,0.064089,0,0.064089,210,929
@,normalized-compression16_14.opb,1,-,0.132593,0,0.132593,930,4354
&,normalized-sha1-size128-round23-3.opb,timeout,-1,-1,-1,-1,4288,9504
@,normalized-single-obj-f22-AC2Loss.seq-B-2-combined-abcdeir.opb,1,967,0.0502771,0,0.0502771,87,182
@,normalized-single-obj-f18-AC1Loss.seq-A-3-2-irEDCBA.opb,1,7165,0.0492965,0,0.0492965,80,159
@,normalized-single-obj-f26-ACDoubleLoss.seq-A-2-2-EDCBAir.opb,1,-1017,0.0511335,0,0.0511335,173,415
@,normalized-vertexcover-completegraph-39.opb,0,-,0.0500597,0,0.0500597,39,742
@,normalized-vertexcover-grid6x21.opb,0,-,0.0559572,0,0.0559572,126,253
@,normalized-3_5_0.opb,0,-,0.0343539,0,0.0343539,12,38
&,normalized-sha1-size96-round22-1.opb,timeout,-1,-1,-1,-1,4128,8672
&,normalized-sha1-size160-round23-3.opb,timeout,-1,-1,-1,-1,4288,9536
&,normalized-sha1-size160-round23-8.opb,timeout,-1,-1,-1,-1,4288,9536
@,diamond.opb,0,-,0.0438524,0,0.0438524,2,4
@,normalized-ECrand4regsplit-v100-n1.opb,0,-,0.113477,0,0.113477,199,100
@,normalized-single-obj-f19-ACTotalLoss.seq-A-3-combined-abcdeir.opb,1,80903,0.0548742,0,0.0548742,239,629
&,normalized-sha1-size160-round21-8.opb,timeout,-1,-1,-1,-1,3968,7936
@,normalized-6_6_10.opb,0,-,0.101039,0,0.101039,272,1221
@,normalized-5_7_6.opb,0,-,0.0684657,0,0.0684657,132,566
@,sentoy.opb,1,-7772,0.0887302,0,0.0887302,60,30
&,normalized-sha1-size80-round23-7.opb,timeout,-1,-1,-1,-1,4288,9456
@,normalized-subsetcard-eq-random4regular-30.opb,0,-,0.0507263,0,0.0507263,121,60
@,normalized-vertexcover-grid4x17.opb,0,-,0.0543261,0,0.0543261,68,137
@,normalized-3_7_1.opb,0,-,0.034835,0,0.034835,20,69
@,normalized-vertexcover-grid10x21-hard.opb,0,-,0.245109,0,0.245109,210,421
@,normalized-3_5_4.opb,0,-,0.056966,0,0.056966,56,222
&,normalized-sha1-size112-round22-7.opb,timeout,-1,-1,-1,-1,4128,8688
@,normalized-single-obj-f20-ACTotalLoss.seq-A-2-combined-irEDCBA.opb,1,201486,0.0583614,0,0.0583614,263,677
&,normalized-sha1-size144-round21-1.opb,timeout,-1,-1,-1,-1,3968,7920
@,normalized-single-obj-f27-DC2Loss.seq-A-2-combined-abcdeir.opb,1,179222,0.0516575,0,0.0516575,211,476
@,normalized-single-obj-f19-ACTotalLoss.seq-A-2-1-EDCBAir.opb,1,-10878,0.0608167,0,0.0608167,253,637
@,lp4l.0.u.opb,0,-,1.48922,0,1.48922,1086,86
@,normalized-single-obj-f18-AC1Loss.seq-B-2-1-abcdeir.opb,1,1327,0.0507789,0,0.0507789,86,178
&,normalized-sha1-size96-round23-1.opb,timeout,-1,-1,-1,-1,4288,9472
@,normalized-single-obj-f26-ACDoubleLoss.seq-B-2-1-EDCBAir.opb,1,-15717,0.055746,0,0.055746,185,451
@,normalized-compression8_15.opb,1,-,3.98277,0,3.98277,552,2558
&,normalized-sha1-size96-round22-9.opb,timeout,-1,-1,-1,-1,4128,8672
@,normalized-vertexcover-grid6x25.opb,0,-,0.0596875,0,0.0596875,150,301
@,normalized-single-obj-f20-ACTotalLoss.seq-B-2-1-EDCBAir.opb,1,-76218,0.0592758,0,0.0592758,253,637
@,normalized-rand6reg-v011-n3.opb,0,-,0.0487313,0,0.0487313,33,11
@,normalized-single-obj-f27-DC2Loss.seq-B-2-1-irEDCBA.opb,1,719328,0.053949,0,0.053949,207,460
&,normalized-7_6_30.opb,timeout,-1,-1,-1,-1,1406,6702
@,normalized-single-obj-f26-ACDoubleLoss.seq-B-2-2-irEDCBA.opb,1,256428,0.0503009,0,0.0503009,173,415
@,normalized-2_6_1.opb,0,-,0.0331938,0,0.0331938,12,38
&,normalized-compression64_7.opb,timeout,-1,-1,-1,-1,5112,24926
@,normalized-ECrand4regsplit-v010-n1.opb,0,-,0.0499001,0,0.0499001,19,10
@,normalized-8_6_24.opb,0,-,313.73,0,313.73,1056,4997
@,normalized-single-obj-f28-AC_ESSLoss.seq-B-2-1-abcdeir.opb,1,9912,0.0513745,0,0.0513745,141,300
@,normalized-single-obj-f23-DC1Loss.seq-B-2-1-EDCBAir.opb,1,-39178,0.0556499,0,0.0556499,207,460
&,normalized-sha1-size128-round22-3.opb,timeout,-1,-1,-1,-1,4128,8704
@,normalized-single-obj-f20-ACTotalLoss.seq-A-3-combined-EDCBAir.opb,1,-10837,0.0578092,0,0.0578092,239,629
@,normalized-subsetcard-eq-fixedbandwidth-30.opb,0,-,0.049932,0,0.049932,121,60
@,normalized-subsetcard-eq-random4regular-50.opb,0,-,0.0528235,0,0.0528235,201,100
@,normalized-single-obj-f20-ACTotalLoss.seq-A-3-1-irabcde.opb,1,895769,0.053611,0,0.053611,227,569
@,normalized-sha1-size96-round21-9.opb,1,-,84.4558,0,84.4558,3968,7872
@,p2756.opb,1,3124,1502.8,0,1502.8,2756,755
@,normalized-3col-almost3reg-l025-r024-n1.opb,0,-,0.530441,0,0.530441,1428,3044
@,normalized-sumineqArity5pyramidP0125.opb,0,-,1.78608,0,1.78608,40005,8002
@,normalized-subsetcard-eq-fixedbandwidth-65.opb,0,-,0.0515344,0,0.0515344,261,130
@,normalized-vertexcover-grid10x15.opb,0,-,0.0558221,0,0.0558221,150,301
&,normalized-3col-almost3reg-l080-r079-n1.opb,timeout,-1,-1,-1,-1,4323,9214
@,normalized-subsetcard-geq-random4regular-20.opb,0,-,0.0484208,0,0.0484208,81,40
@,normalized-compression8_20.opb,1,-,0.183542,0,0.183542,812,3813
@,normalized-sumineqArity4pyramidP0016.opb,0,-,0.0540384,0,0.0540384,612,154
&,normalized-sha1-size160-round21-4.opb,timeout,-1,-1,-1,-1,3968,7936
@,normalized-3_7_0.opb,0,-,0.0350618,0,0.0350618,12,38
&,normalized-sha1-size128-round23-8.opb,timeout,-1,-1,-1,-1,4288,9504
@,normalized-7_7_8.opb,0,-,0.106495,0,0.106495,240,1070
@,normalized-single-obj-f23-DC1Loss.seq-B-3-1-abcdeir.opb,1,89622,0.0528729,0,0.0528729,183,384
@,normalized-4_5_24.opb,0,-,7.1161,0,7.1161,812,3813
@,normalized-5_7_8.opb,0,-,0.090508,0,0.090508,182,798
@,mod010.opb,1,6548,417.739,0,417.739,2655,146
@,normalized-vertexcover-grid10x23-hard.opb,0,-,0.215251,0,0.215251,230,461
@,normalized-vertexcover-completegraph-33.opb,0,-,0.0484877,0,0.0484877,33,529
@,normalized-3col-left3reg-l060-r059-n1.opb,0,-,10.4757,0,10.4757,4257,9156
@,normalized-compression16_7.opb,0,-,0.256184,0,0.256184,552,2558
@,normalized-sha1-size96-round21-0.opb,1,-,433.299,0,433.299,3968,7872
@,normalized-single-obj-f19-ACTotalLoss.seq-A-2-combined-irabcde.opb,1,203154,0.054534,0,0.054534,263,677
@,normalized-compression64_5.opb,0,-,0.442418,0,0.442418,4830,23534
@,normalized-vertexcover-completegraph-15.opb,0,-,0.0502562,0,0.0502562,15,106
&,normalized-compression32_13.opb,timeout,-1,-1,-1,-1,2070,9950
&,normalized-5_6_34.opb,timeout,-1,-1,-1,-1,1560,7454
@,normalized-sha1-size96-round21-7.opb,1,-,204.882,0,204.882,3968,7872
@,normalized-ECgrid3x90split.opb,0,-,2.2634,0,2.2634,541,271
@,normalized-single-obj-f26-ACDoubleLoss.seq-B-2-2-EDCBAir.opb,1,-6267,0.0530343,0,0.0530343,173,415
@,normalized-subsetcard-geq-random4regular-75.opb,0,-,0.0523082,0,0.0523082,301,150
@,normalized-single-obj-f28-AC_ESSLoss.seq-B-2-1-irabcde.opb,1,93972,0.0509887,0,0.0509887,141,300
@,normalized-vertexcover-completegraph-27.opb,0,-,0.0514317,0,0.0514317,27,352
@,normalized-3col-left3reg-l100-r099-n1.opb,0,-,37.0965,0,37.0965,8160,17645
@,normalized-3_4_0.opb,0,-,0.0343671,0,0.0343671,12,38
@,normalized-single-obj-f19-ACTotalLoss.seq-B-3-1-irEDCBA.opb,1,889385,0.0591949,0,0.0591949,227,569
&,normalized-3col-almost3reg-l090-r089-n1.opb,timeout,-1,-1,-1,-1,4908,10414
@,normalized-sha1-size80-round22-8.opb,1,-,1575.07,0,1575.07,4128,8656
@,normalized-sha1-size112-round21-9.opb,1,-,1629.8,0,1629.8,3968,7888
@,normalized-subsetcard-geq-random4regular-25.opb,0,-,0.0499292,0,0.0499292,101,50
@,normalized-single-obj-f20-ACTotalLoss.seq-A-2-1-irEDCBA.opb,1,201486,0.0527736,0,0.0527736,253,637
@,normalized-rand6reg-v101-n2.opb,0,-,0.928802,0,0.928802,303,101
@,normalized-single-obj-f28-AC_ESSLoss.seq-A-3-combined-irabcde.opb,1,99792,0.0500633,0,0.0500633,129,262
@,normalized-vertexcover-grid6x7.opb,0,-,0.0502691,0,0.0502691,42,85
&,normalized-sha1-size112-round22-2.opb,timeout,-1,-1,-1,-1,4128,8688
@,normalized-7_7_6.opb,0,-,0.074869,0,0.074869,182,798
@,p0040.0.s.opb,1,-,0.0453527,0,0.0453527,40,24
@,normalized-single-obj-f26-ACDoubleLoss.seq-B-2-combined-EDCBAir.opb,1,-15717,0.056555,0,0.056555,191,475
@,normalized-4_5_19.opb,0,-,0.851781,0,0.851781,552,2558
@,normalized-4_5_25.opb,0,-,7.43163,0,7.43163,870,4094
@,normalized-single-obj-f19-ACTotalLoss.seq-A-3-combined-irEDCBA.opb,1,890573,0.0582651,0,0.0582651,239,629
@,normalized-vertexcover-grid6x9.opb,0,-,0.0521311,0,0.0521311,54,109
@,normalized-4_5_3.opb,0,-,0.0374901,0,0.0374901,56,222
@,normalized-sumineqArity3houseP016.opb,0,-,0.05312,0,0.05312,813,272
&,normalized-sha1-size80-round23-9.opb,timeout,-1,-1,-1,-1,4288,9456
@,normalized-single-obj-f21-DC_ESSLoss.seq-A-2-1-EDCBAir.opb,1,-20,0.0489021,0,0.0489021,59,80
@,normalized-single-obj-f20-ACTotalLoss.seq-A-2-combined-EDCBAir.opb,1,-10878,0.0652256,0,0.0652256,263,677
&,normalized-3col-almost3reg-l070-r069-n1.opb,timeout,-1,-1,-1,-1,3831,8138
@,normalized-vertexcover-grid6x11-hard.opb,0,-,0.0573164,0,0.0573164,66,133
&,normalized-sha1-size144-round22-0.opb,timeout,-1,-1,-1,-1,4128,8720
@,normalized-ECrand4regsplit-v020-n1.opb,0,-,0.0540862,0,0.0540862,39,20
&,normalized-sha1-size160-round22-5.opb,timeout,-1,-1,-1,-1,4128,8736
@,normalized-3col-left3reg-l090-r089-n1.opb,0,-,122.338,0,122.338,7089,15362
&,normalized-sha1-size96-round23-9.opb,timeout,-1,-1,-1,-1,4288,9472
@,normalized-3_4_4.opb,0,-,0.0562947,0,0.0562947,56,222
@,normalized-single-obj-f27-DC2Loss.seq-A-2-1-irEDCBA.opb,1,720700,0.056398,0,0.056398,207,460
@,normalized-2_4_4.opb,0,-,0.0562763,0,0.0562763,42,161
@,normalized-5_6_24.opb,0,-,638.987,0,638.987,870,4094
@,normalized-3col-almost3reg-l035-r034-n1.opb,0,-,4.4128,0,4.4128,1968,4184
@,normalized-single-obj-f28-AC_ESSLoss.seq-A-2-combined-irEDCBA.opb,1,93237,0.0501193,0,0.0501193,143,308
@,normalized-single-obj-f27-DC2Loss.seq-A-2-1-abcdeir.opb,1,414422,0.0542993,0,0.0542993,207,460
@,normalized-single-obj-f26-ACDoubleLoss.seq-A-2-2-abcdeir.opb,1,37833,0.0514507,0,0.0514507,173,415
@,normalized-5_7_0.opb,0,-,0.033341,0,0.033341,30,110
@,normalized-2_4_0.opb,0,-,0.0362601,0,0.0362601,6,17
@,normalized-ECgrid5x30split.opb,0,-,0.807024,0,0.807024,301,151
@,normalized-3_5_5.opb,0,-,0.055226,0,0.055226,72,293
@,normalized-single-obj-f28-AC_ESSLoss.seq-A-2-1-EDCBAir.opb,1,-1113,0.0495514,0,0.0495514,141,300
@,normalized-rand6reg-v081-n3.opb,0,-,1.84614,0,1.84614,243,81
@,normalized-sha1-size80-round21-9.opb,1,-,2.14204,0,2.14204,3968,7856
@,normalized-rand6reg-v101-n3.opb,0,-,2.85771,0,2.85771,303,101
@,normalized-compression32_15.opb,1,-,90.9332,0,90.9332,2256,10862
@,normalized-vertexcover-grid6x19.opb,0,-,0.0570681,0,0.0570681,114,229
@,normalized-5_6_27.opb,0,-,1471.95,0,1471.95,1056,4997
@,normalized-vertexcover-grid8x13-hard.opb,0,-,0.0696429,0,0.0696429,104,209
&,normalized-sha1-size112-round22-0.opb,timeout,-1,-1,-1,-1,4128,8688
@,normalized-6_6_15.opb,0,-,0.79889,0,0.79889,462,2126
@,normalized-single-obj-f23-DC1Loss.seq-B-2-combined-irabcde.opb,1,721792,0.0538472,0,0.0538472,211,476
&,normalized-sha1-size80-round22-6.opb,timeout,-1,-1,-1,-1,4128,8656
@,normalized-single-obj-f19-ACTotalLoss.seq-B-2-combined-EDCBAir.opb,1,-76218,0.0622633,0,0.0622633,263,677
@,normalized-3col-left3reg-l030-r029-n1.opb,0,-,0.386979,0,0.386979,2358,5094
@,normalized-2_6_2.opb,0,-,0.0359282,0,0.0359282,20,69
@,normalized-single-obj-f28-AC_ESSLoss.seq-B-3-1-irEDCBA.opb,1,93282,0.0504911,0,0.0504911,129,262
@,lp4l.opb,1,2967,32.0798,0,32.0798,1086,85
@,normalized-single-obj-f23-DC1Loss.seq-A-2-2-irEDCBA.opb,1,720847,0.0495617,0,0.0495617,199,436
@,normalized-single-obj-f27-DC2Loss.seq-A-2-combined-EDCBAir.opb,1,-4878,0.0549984,0,0.0549984,211,476
&,normalized-3col-almost3reg-l065-r064-n1.opb,timeout,-1,-1,-1,-1,3543,7544
@,normalized-single-obj-f23-DC1Loss.seq-B-2-2-irEDCBA.opb,1,720504,0.0513955,0,0.0513955,199,436
@,normalized-compression16_13.opb,1,-,0.206662,0,0.206662,870,4064
@,normalized-ECgrid5x40split.opb,0,-,32.353,0,32.353,401,201
@,normalized-compression32_10.opb,0,-,3212.82,0,3212.82,1806,8614
@,normalized-3col-almost3reg-l020-r019-n1.opb,0,-,0.211185,0,0.211185,1182,2506
@,normalized-3_6_0.opb,0,-,0.0341191,0,0.0341191,12,38
@,normalized-compression64_22.opb,1,-,59.9611,0,59.9611,7482,36641
@,normalized-4_5_14.opb,0,-,0.218124,0,0.218124,342,1553
@,normalized-4_5_15.opb,0,-,0.170704,0,0.170704,380,1734
@,air02.opb,1,7810,2.49113,0,2.49113,6774,50
@,normalized-vertexcover-grid4x23.opb,0,-,0.0548597,0,0.0548597,92,185
@,normalized-7_7_5.opb,0,-,0.0734621,0,0.0734621,156,677
@,normalized-sha1-size80-round21-2.opb,1,-,1953.62,0,1953.62,3968,7856
@,normalized-4_6_5.opb,0,-,0.0626795,0,0.0626795,90,374
@,normalized-single-obj-f20-ACTotalLoss.seq-B-2-2-EDCBAir.opb,1,-48498,0.0666033,0,0.0666033,233,577
@,normalized-single-obj-f27-DC2Loss.seq-B-2-1-abcdeir.opb,1,51822,0.0520965,0,0.0520965,207,460
@,normalized-4_5_9.opb,0,-,0.0769983,0,0.0769983,182,798
@,normalized-6_6_19.opb,0,-,11.8723,0,11.8723,650,3030
@,normalized-sha1-size128-round21-4.opb,1,-,170.201,0,170.201,3968,7904
@,normalized-3_5_2.opb,0,-,0.0347652,0,0.0347652,30,110
@,normalized-ECgrid5x50split.opb,0,-,107.821,0,107.821,501,251
&,normalized-sha1-size112-round22-3.opb,timeout,-1,-1,-1,-1,4128,8688
@,normalized-3_4_13.opb,0,-,0.0856342,0,0.0856342,272,1221
@,normalized-sha1-size112-round21-0.opb,1,-,6.83702,0,6.83702,3968,7888
&,normalized-sha1-size160-round22-6.opb,timeout,-1,-1,-1,-1,4128,8736
@,normalized-vertexcover-grid8x23-hard.opb,0,-,0.100731,0,0.100731,184,369
&,normalized-sha1-size80-round22-4.opb,timeout,-1,-1,-1,-1,4128,8656
@,normalized-5_7_5.opb,0,-,0.0670883,0,0.0670883,110,465
@,normalized-single-obj-f23-DC1Loss.seq-A-2-combined-irEDCBA.opb,1,720700,0.0569361,0,0.0569361,211,476
@,normalized-ECgrid3x50split.opb,0,-,0.810935,0,0.810935,301,151
@,normalized-subsetcard-geq-random4regular-70.opb,0,-,0.0513106,0,0.0513106,281,140
&,normalized-sha1-size96-round23-5.opb,timeout,-1,-1,-1,-1,4288,9472
&,normalized-sha1-size160-round23-0.opb,timeout,-1,-1,-1,-1,4288,9536
@,normalized-single-obj-f27-DC2Loss.seq-A-2-combined-irabcde.opb,1,728064,0.0525234,0,0.0525234,211,476
@,p0040.0.u.opb,0,-,0.0465068,0,0.0465068,40,24
@,normalized-subsetcard-eq-fixedbandwidth-15.opb,0,-,0.0481479,0,0.0481479,61,30
@,normalized-vertexcover-grid4x7-hard.opb,0,-,0.0465155,0,0.0465155,28,57
&,normalized-compression64_13.opb,timeout,-1,-1,-1,-1,6006,29342
@,normalized-single-obj-f23-DC1Loss.seq-B-2-2-abcdeir.opb,1,22422,0.0520656,0,0.0520656,199,436
@,normalized-sumineqArity3houseP128.opb,0,-,6.22894,0,6.22894,49533,16512
&,normalized-sha1-size144-round21-0.opb,timeout,-1,-1,-1,-1,3968,7920
&,normalized-sha1-size160-round22-7.opb,timeout,-1,-1,-1,-1,4128,8736
@,normalized-single-obj-f23-DC1Loss.seq-A-2-combined-abcdeir.opb,1,179222,0.0545029,0,0.0545029,211,476
@,normalized-vertexcover-grid10x19-hard.opb,0,-,0.208153,0,0.208153,190,381
@,normalized-subsetcard-geq-fixedbandwidth-45.opb,0,-,0.0494849,0,0.0494849,181,90
@,normalized-6_6_16.opb,0,-,3.36807,0,3.36807,506,2337
@,normalized-single-obj-f23-DC1Loss.seq-A-3-2-EDCBAir.opb,1,-153,0.0503537,0,0.0503537,183,384
@,normalized-8_6_30.opb,0,-,4436.85,0,4436.85,1482,7073
@,normalized-3_4_10.opb,0,-,0.0739147,0,0.0739147,182,798
@,normalized-4_6_7.opb,0,-,0.0676833,0,0.0676833,132,566
@,normalized-single-obj-f19-ACTotalLoss.seq-A-2-combined-abcdeir.opb,1,80862,0.0614806,0,0.0614806,263,677
@,normalized-7_6_23.opb,0,-,168.973,0,168.973,930,4385
@,normalized-vertexcover-grid4x27-hard.opb,0,-,0.0570657,0,0.0570657,108,217
@,normalized-4_5_17.opb,0,-,0.332805,0,0.332805,462,2126
@,normalized-rand6reg-v111-n1.opb,0,-,1.89202,0,1.89202,333,111
@,normalized-single-obj-f20-ACTotalLoss.seq-A-2-1-abcdeir.opb,1,274902,0.0576748,0,0.0576748,253,637
@,normalized-4_6_6.opb,0,-,0.0633021,0,0.0633021,110,465
@,normalized-single-obj-f19-ACTotalLoss.seq-B-3-combined-irabcde.opb,1,890981,0.0596146,0,0.0596146,239,629
@,normalized-single-obj-f27-DC2Loss.seq-B-3-2-EDCBAir.opb,1,-1378,0.0544282,0,0.0544282,183,384
@,normalized-vertexcover-completegraph-51.opb,0,-,0.0519626,0,0.0519626,51,1276
@,normalized-rand6reg-v041-n3.opb,0,-,0.146165,0,0.146165,123,41
@,normalized-vertexcover-grid10x27.opb,0,-,0.0630708,0,0.0630708,270,541
&,normalized-sha1-size128-round22-9.opb,timeout,-1,-1,-1,-1,4128,8704
&,normalized-sha1-size112-round23-6.opb,timeout,-1,-1,-1,-1,4288,9488
@,normalized-single-obj-f26-ACDoubleLoss.seq-B-2-2-irabcde.opb,1,256788,0.0533946,0,0.0533946,173,415
@,normalized-7_7_9.opb,0,-,0.106742,0,0.106742,272,1221
@,normalized-8_6_18.opb,0,-,9.67586,0,9.67586,702,3281
&,normalized-6_6_33.opb,timeout,-1,-1,-1,-1,1560,7454
&,128ebits_any.opb,timeout,-1,-1,-1,-1,384,514
@,normalized-vertexcover-grid6x11.opb,0,-,0.0502486,0,0.0502486,66,133
@,normalized-single-obj-f28-AC_ESSLoss.seq-B-2-1-EDCBAir.opb,1,-6738,0.05393,0,0.05393,141,300
@,normalized-single-obj-f20-ACTotalLoss.seq-B-3-2-irabcde.opb,1,890981,0.0578326,0,0.0578326,227,569
&,normalized-sha1-size96-round22-8.opb,timeout,-1,-1,-1,-1,4128,8672
@,normalized-compression16_4.opb,0,-,0.0859636,0,0.0859636,420,1925
@,normalized-single-obj-f18-AC1Loss.seq-A-2-2-irabcde.opb,1,7552,0.0520013,0,0.0520013,84,172
@,normalized-subsetcard-geq-fixedbandwidth-70.opb,0,-,0.0526482,0,0.0526482,281,140
@,normalized-vertexcover-grid6x29-hard.opb,0,-,0.0913768,0,0.0913768,174,349
&,normalized-sha1-size128-round23-7.opb,timeout,-1,-1,-1,-1,4288,9504
@,normalized-vertexcover-grid4x9-hard.opb,0,-,0.0493322,0,0.0493322,36,73
@,normalized-3col-almost3reg-l030-r029-n1.opb,0,-,5.80383,0,5.80383,1695,3610
@,normalized-compression32_6.opb,0,-,2.7753,0,2.7753,1482,7034
@,normalized-4_7_5.opb,0,-,0.0630052,0,0.0630052,90,374
@,normalized-compression16_15.opb,1,-,0.225941,0,0.225941,992,4654
@,normalized-7_6_25.opb,0,-,530.519,0,530.519,1056,4997
&,normalized-5_6_36.opb,timeout,-1,-1,-1,-1,1722,8246
@,normalized-compression8_23.opb,1,-,0.147027,0,0.147027,992,4686
@,normalized-6_6_12.opb,0,-,0.237714,0,0.237714,342,1553
@,normalized-8_7_18.opb,0,-,79.7005,0,79.7005,702,3281
@,normalized-single-obj-f22-AC2Loss.seq-A-2-combined-EDCBAir.opb,1,-173,0.0512303,0,0.0512303,87,182
@,normalized-compression64_25.opb,1,-,0.935145,0,0.935145,8010,39254
@,normalized-8_6_19.opb,0,-,13.5008,0,13.5008,756,3542
@,normalized-subsetcard-eq-fixedbandwidth-20.opb,0,-,0.0479868,0,0.0479868,81,40
@,normalized-subsetcard-geq-random4regular-80.opb,0,-,0.0511067,0,0.0511067,321,160
@,normalized-compression32_9.opb,0,-,1132.4,0,1132.4,1722,8204
@,l152lav.opb,1,4722,262.93,0,262.93,1989,97
@,normalized-compression16_8.opb,0,-,1.0994,0,1.0994,600,2789
@,normalized-vertexcover-completegraph-21.opb,0,-,0.0467396,0,0.0467396,21,211
@,normalized-single-obj-f27-DC2Loss.seq-B-3-1-irEDCBA.opb,1,720840,0.0511935,0,0.0511935,183,384
@,normalized-vertexcover-grid10x13-hard.opb,0,-,0.129165,0,0.129165,130,261
@,normalized-8_6_21.opb,0,-,43.1207,0,43.1207,870,4094
&,normalized-sha1-size96-round22-2.opb,timeout,-1,-1,-1,-1,4128,8672
@,normalized-subsetcard-geq-fixedbandwidth-30.opb,0,-,0.049954,0,0.049954,121,60
@,normalized-3col-left3reg-l040-r039-n1.opb,0,-,0.416083,0,0.416083,3543,7694
&,normalized-sha1-size128-round23-6.opb,timeout,-1,-1,-1,-1,4288,9504
@,normalized-single-obj-f26-ACDoubleLoss.seq-A-2-1-irEDCBA.opb,1,256533,0.0562093,0,0.0562093,185,451
&,normalized-sha1-size160-round22-0.opb,timeout,-1,-1,-1,-1,4128,8736
@,normalized-compression16_9.opb,0,-,4.1466,0,4.1466,650,3030
&,normalized-sha1-size160-round23-9.opb,timeout,-1,-1,-1,-1,4288,9536
&,p6000.opb,timeout,-1,-1,-1,-1,6000,2176
@,normalized-subsetcard-geq-random4regular-65.opb,0,-,0.0499188,0,0.0499188,261,130
@,normalized-6_6_4.opb,0,-,0.0691732,0,0.0691732,110,465
@,normalized-2_7_0.opb,0,-,0.0354619,0,0.0354619,6,17
@,p0201.opb,1,7615,0.485558,0,0.485558,201,133
@,normalized-5_6_15.opb,0,-,0.769567,0,0.769567,420,1925
@,normalized-subsetcard-eq-random4regular-60.opb,0,-,0.0550595,0,0.0550595,241,120
@,normalized-single-obj-f26-ACDoubleLoss.seq-B-2-1-irabcde.opb,1,257268,0.0539672,0,0.0539672,185,451
@,normalized-vertexcover-completegraph-49.opb,0,-,0.0558108,0,0.0558108,49,1177
@,normalized-sumineqArity3houseP064.opb,0,-,0.297468,0,0.297468,12477,4160
@,normalized-single-obj-f21-DC_ESSLoss.seq-A-2-1-irabcde.opb,1,48,0.0506648,0,0.0506648,59,80
@,normalized-single-obj-f20-ACTotalLoss.seq-A-3-2-irabcde.opb,1,892241,0.0541729,0,0.0541729,227,569
@,normalized-single-obj-f26-ACDoubleLoss.seq-B-2-combined-irEDCBA.opb,1,256158,0.0545404,0,0.0545404,191,475
@,normalized-single-obj-f26-ACDoubleLoss.seq-A-3-combined-EDCBAir.opb,1,-142,0.0508854,0,0.0508854,149,337
@,normalized-single-obj-f23-DC1Loss.seq-A-3-combined-irEDCBA.opb,1,720889,0.0517206,0,0.0517206,183,384
@,normalized-vertexcover-grid8x27-hard.opb,0,-,0.099272,0,0.099272,216,433
@,normalized-rand6reg-v031-n1.opb,0,-,0.0851652,0,0.0851652,93,31
&,normalized-sha1-size144-round23-5.opb,timeout,-1,-1,-1,-1,4288,9520
@,normalized-single-obj-f28-AC_ESSLoss.seq-A-2-2-irEDCBA.opb,1,93287,0.0524363,0,0.0524363,137,288
@,air06.0.u.opb,0,-,98.8392,0,98.8392,8627,826
@,normalized-subsetcard-eq-random4regular-45.opb,0,-,0.0519194,0,0.0519194,181,90
&,normalized-6_6_30.opb,timeout,-1,-1,-1,-1,1332,6341
@,stein15.0.u.opb,0,-,0.0482838,0,0.0482838,15,37
@,normalized-ECgrid3x10split.opb,0,-,0.083695,0,0.083695,61,31
&,normalized-sha1-size112-round21-7.opb,timeout,-1,-1,-1,-1,3968,7888
@,normalized-7_6_29.opb,0,-,4711.79,0,4711.79,1332,6341
@,normalized-compression32_18.opb,1,-,0.422269,0,0.422269,2550,12305
@,normalized-single-obj-f27-DC2Loss.seq-B-2-2-irabcde.opb,1,721792,0.0529097,0,0.0529097,199,436
@,air06.opb,1,49649,4626.11,0,4626.11,8627,825
@,normalized-5_7_4.opb,0,-,0.0628201,0,0.0628201,90,374
@,normalized-vertexcover-grid6x17-hard.opb,0,-,0.0619105,0,0.0619105,102,205
@,normalized-sha1-size96-round21-2.opb,1,-,205.949,0,205.949,3968,7872
@,normalized-single-obj-f28-AC_ESSLoss.seq-A-2-combined-irabcde.opb,1,95472,0.0498886,0,0.0498886,143,308
@,normalized-4_7_3.opb,0,-,0.0484162,0,0.0484162,56,222
@,normalized-ECgrid5x20split.opb,0,-,2.31654,0,2.31654,201,101
@,normalized-rand6reg-v091-n1.opb,0,-,0.448652,0,0.448652,273,91
@,normalized-ECgrid3x80split.opb,0,-,1.74943,0,1.74943,481,241
@,normalized-sha1-size128-round21-6.opb,1,-,969.934,0,969.934,3968,7904
@,normalized-ECgrid5x140split.opb,0,-,2966.21,0,2966.21,1401,701
@,normalized-single-obj-f22-AC2Loss.seq-B-2-combined-irEDCBA.opb,1,7096,0.0490673,0,0.0490673,87,182
@,normalized-subsetcard-geq-fixedbandwidth-65.opb,0,-,0.0489215,0,0.0489215,261,130
@,normalized-4_5_12.opb,0,-,0.116803,0,0.116803,272,1221
&,normalized-sha1-size80-round23-6.opb,timeout,-1,-1,-1,-1,4288,9456
&,normalized-sha1-size144-round21-7.opb,timeout,-1,-1,-1,-1,3968,7920
@,normalized-subsetcard-geq-fixedbandwidth-35.opb,0,-,0.0514402,0,0.0514402,141,70
@,normalized-single-obj-f22-AC2Loss.seq-B-2-2-EDCBAir.opb,1,-353,0.0490689,0,0.0490689,84,172
@,normalized-single-obj-f28-AC_ESSLoss.seq-A-2-combined-abcdeir.opb,1,32412,0.0510726,0,0.0510726,143,308
@,normalized-sha1-size96-round21-8.opb,1,-,2444.49,0,2444.49,3968,7872
@,normalized-rand6reg-v111-n2.opb,0,-,2.67049,0,2.67049,333,111
@,normalized-7_6_26.opb,0,-,944.248,0,944.248,1122,5318
@,normalized-compression32_16.opb,1,-,20.154,0,20.154,2352,11284
&,normalized-sha1-size112-round22-9.opb,timeout,-1,-1,-1,-1,4128,8688
@,normalized-sha1-size144-round21-8.opb,1,-,3908.21,0,3908.21,3968,7920
@,normalized-compression32_20.opb,1,-,0.311634,0,0.311634,2756,13317
@,normalized-single-obj-f23-DC1Loss.seq-A-2-1-abcdeir.opb,1,414422,0.0539373,0,0.0539373,207,460
@,normalized-single-obj-f18-AC1Loss.seq-B-3-1-irEDCBA.opb,1,7156,0.0507802,0,0.0507802,80,159
@,normalized-3_5_7.opb,0,-,0.0576114,0,0.0576114,110,465
@,normalized-single-obj-f27-DC2Loss.seq-B-2-1-EDCBAir.opb,1,-39178,0.0542475,0,0.0542475,207,460
@,normalized-sumineqArity4pyramidP0032.opb,0,-,0.0604775,0,0.0604775,2244,562
@,normalized-4_5_18.opb,0,-,0.833915,0,0.833915,506,2337
&,normalized-compression64_10.opb,timeout,-1,-1,-1,-1,5550,27089
@,normalized-sumineqArity3pyramidP0016.opb,0,-,0.0501266,0,0.0501266,459,154
@,normalized-7_7_4.opb,0,-,0.0670998,0,0.0670998,132,566
@,normalized-ECgrid5x80split.opb,0,-,871.345,0,871.345,801,401
@,normalized-single-obj-f18-AC1Loss.seq-B-2-2-abcdeir.opb,1,967,0.0458627,0,0.0458627,84,172
@,normalized-single-obj-f28-AC_ESSLoss.seq-A-2-1-irabcde.opb,1,97272,0.0515898,0,0.0515898,141,300
&,normalized-sha1-size96-round22-7.opb,timeout,-1,-1,-1,-1,4128,8672
@,normalized-single-obj-f27-DC2Loss.seq-B-2-combined-abcdeir.opb,1,22422,0.0511782,0,0.0511782,211,476
@,normalized-ECrand4regsplit-v050-n1.opb,0,-,0.442819,0,0.442819,99,50
@,normalized-2_6_3.opb,1,-,0.0482251,0,0.0482251,30,110
@,normalized-2_3_6.opb,0,-,0.0573043,0,0.0573043,72,293
@,normalized-single-obj-f28-AC_ESSLoss.seq-A-3-1-abcdeir.opb,1,97212,0.0513366,0,0.0513366,129,262
@,normalized-sha1-size112-round21-3.opb,1,-,474.32,0,474.32,3968,7888
&,normalized-sha1-size80-round22-3.opb,timeout,-1,-1,-1,-1,4128,8656
&,normalized-sha1-size80-round22-9.opb,timeout,-1,-1,-1,-1,4128,8656
&,normalized-sha1-size160-round23-1.opb,timeout,-1,-1,-1,-1,4288,9536
@,normalized-single-obj-f27-DC2Loss.seq-A-3-1-abcdeir.opb,1,716822,0.0512326,0,0.0512326,183,384
@,stein15.0.s.opb,1,-,0.0460426,0,0.0460426,15,37
@,normalized-vertexcover-grid10x17-hard.opb,0,-,0.165981,0,0.165981,170,341
@,normalized-3_4_11.opb,0,-,0.0694988,0,0.0694988,210,929
@,stein27.opb,1,18,0.96237,0,0.96237,27,118
&,normalized-sha1-size96-round22-6.opb,timeout,-1,-1,-1,-1,4128,8672
&,normalized-compression64_18.opb,timeout,-1,-1,-1,-1,6806,33297
@,normalized-4_6_0.opb,0,-,0.0341595,0,0.0341595,20,69
@,normalized-3_5_8.opb,0,-,0.0704916,0,0.0704916,132,566
&,normalized-5_6_29.opb,timeout,-1,-1,-1,-1,1190,5649
@,normalized-4_5_23.opb,0,-,4.57838,0,4.57838,756,3542
@,normalized-4_7_2.opb,0,-,0.0361655,0,0.0361655,42,161
@,normalized-5_6_19.opb,0,-,11.5627,0,11.5627,600,2789
@,bm23.0.s.opb,1,-,0.0517471,0,0.0517471,27,21
@,normalized-5_6_20.opb,0,-,55.3244,0,55.3244,650,3030
&,normalized-sha1-size96-round23-0.opb,timeout,-1,-1,-1,-1,4288,9472
@,normalized-sha1-size80-round22-1.opb,1,-,343.656,0,343.656,4128,8656
&,normalized-sha1-size128-round22-8.opb,timeout,-1,-1,-1,-1,4128,8704
&,normalized-sha1-size144-round22-7.opb,timeout,-1,-1,-1,-1,4128,8720
&,normalized-sha1-size160-round21-7.opb,timeout,-1,-1,-1,-1,3968,7936
@,normalized-4_5_13.opb,0,-,0.118779,0,0.118779,306,1382
&,256ebits_any.opb,timeout,-1,-1,-1,-1,768,1026
@,normalized-vertexcover-grid4x13.opb,0,-,0.0530529,0,0.0530529,52,105
@,normalized-subsetcard-eq-fixedbandwidth-80.opb,0,-,0.0528003,0,0.0528003,321,160
@,normalized-vertexcover-grid8x9-hard.opb,0,-,0.0661635,0,0.0661635,72,145
@,normalized-single-obj-f22-AC2Loss.seq-B-3-combined-abcdeir.opb,1,1927,0.0516369,0,0.0516369,80,159
&,normalized-6_6_32.opb,timeout,-1,-1,-1,-1,1482,7073
@,normalized-ECgrid3x100split.opb,0,-,3.5734,0,3.5734,601,301
@,normalized-compression8_24.opb,1,-,0.458195,0,0.458195,1056,4997
&,normalized-sha1-size96-round21-5.opb,timeout,-1,-1,-1,-1,3968,7872
@,normalized-compression16_12.opb,1,-,1.2788,0,1.2788,812,3784
@,normalized-single-obj-f18-AC1Loss.seq-A-2-2-abcdeir.opb,1,3847,0.05058,0,0.05058,84,172
@,normalized-vertexcover-completegraph-31.opb,0,-,0.0481123,0,0.0481123,31,466
@,normalized-single-obj-f19-ACTotalLoss.seq-B-2-combined-irabcde.opb,1,201894,0.0551397,0,0.0551397,263,677
@,normalized-2_5_1.opb,0,-,0.0339904,0,0.0339904,12,38
@,normalized-8_6_28.opb,0,-,2097.21,0,2097.21,1332,6341
@,normalized-compression8_16.opb,1,-,0.349136,0,0.349136,600,2789
@,normalized-6_6_21.opb,0,-,30.1682,0,30.1682,756,3542
@,normalized-vertexcover-completegraph-3.opb,0,-,0.0489275,0,0.0489275,3,4
@,normalized-subsetcard-eq-random4regular-80.opb,0,-,0.0511581,0,0.0511581,321,160
@,normalized-vertexcover-completegraph-35.opb,0,-,0.0514247,0,0.0514247,35,596
@,normalized-5_6_7.opb,0,-,0.0711539,0,0.0711539,156,677
@,normalized-6_6_22.opb,0,-,163.965,0,163.965,812,3813
@,normalized-sha1-size96-round21-3.opb,1,-,11.7379,0,11.7379,3968,7872
@,normalized-7_7_13.opb,0,-,0.748968,0,0.748968,420,1925
@,normalized-vertexcover-completegraph-9.opb,0,-,0.0495242,0,0.0495242,9,37
@,normalized-vertexcover-completegraph-43.opb,0,-,0.0513583,0,0.0513583,43,904
&,normalized-sha1-size112-round23-0.opb,timeout,-1,-1,-1,-1,4288,9488
@,normalized-single-obj-f19-ACTotalLoss.seq-A-2-2-EDCBAir.opb,1,-6918,0.0589759,0,0.0589759,233,577
@,normalized-subsetcard-eq-random4regular-25.opb,0,-,0.0488612,0,0.0488612,101,50
@,normalized-subsetcard-geq-fixedbandwidth-50.opb,0,-,0.0513474,0,0.0513474,201,100
@,normalized-5_6_23.opb,0,-,127.869,0,127.869,812,3813
@,normalized-5_6_10.opb,0,-,0.115015,0,0.115015,240,1070
&,normalized-sha1-size160-round22-1.opb,timeout,-1,-1,-1,-1,4128,8736
@,normalized-ECgrid5x100split.opb,0,-,1187.62,0,1187.62,1001,501
&,normalized-compression64_9.opb,timeout,-1,-1,-1,-1,5402,26358
@,normalized-subsetcard-geq-fixedbandwidth-40.opb,0,-,0.052306,0,0.052306,161,80
&,normalized-sha1-size112-round23-2.opb,timeout,-1,-1,-1,-1,4288,9488
@,normalized-7_7_1.opb,0,-,0.0349533,0,0.0349533,72,293
@,normalized-ECgrid3x60split.opb,0,-,0.920741,0,0.920741,361,181
@,normalized-ECrand6reg-v111-n1.opb,0,-,0.643655,0,0.643655,333,111
@,normalized-sha1-size128-round21-7.opb,1,-,1964.46,0,1964.46,3968,7904
@,normalized-sumineqArity3houseP032.opb,0,-,0.0783757,0,0.0783757,3165,1056
@,normalized-vertexcover-grid10x13.opb,0,-,0.0540707,0,0.0540707,130,261
@,normalized-ECgrid5x130split.opb,0,-,2041.51,0,2041.51,1301,651
@,cracpb1.0.u.opb,0,-,0.0625425,0,0.0625425,572,145
@,p0282.opb,1,258411,10.251,0,10.251,282,241
@,normalized-vertexcover-grid8x9.opb,0,-,0.0515274,0,0.0515274,72,145
@,normalized-vertexcover-grid6x17.opb,0,-,0.0565692,0,0.0565692,102,205
@,normalized-subsetcard-geq-random4regular-50.opb,0,-,0.049831,0,0.049831,201,100
@,normalized-vertexcover-grid4x15.opb,0,-,0.0518204,0,0.0518204,60,121
@,normalized-7_7_3.opb,0,-,0.0368563,0,0.0368563,110,465
@,normalized-single-obj-f19-ACTotalLoss.seq-B-2-1-abcdeir.opb,1,39282,0.0591819,0,0.0591819,253,637
@,normalized-compression8_26.opb,1,-,0.238157,0,0.238157,1190,5649
@,normalized-subsetcard-geq-fixedbandwidth-20.opb,0,-,0.0496063,0,0.0496063,81,40
@,normalized-single-obj-f27-DC2Loss.seq-B-2-2-EDCBAir.opb,1,-9778,0.0513971,0,0.0513971,199,436
&,normalized-sha1-size160-round22-2.opb,timeout,-1,-1,-1,-1,4128,8736
@,normalized-sumineqArity5pyramidP0016.opb,0,-,0.051072,0,0.051072,765,154
@,normalized-vertexcover-grid10x11.opb,0,-,0.0541323,0,0.0541323,110,221
@,normalized-rand6reg-v011-n2.opb,0,-,0.0501593,0,0.0501593,33,11
@,normalized-7_7_14.opb,0,-,5.10789,0,5.10789,462,2126
&,normalized-compression64_11.opb,timeout,-1,-1,-1,-1,5700,27830
&,normalized-sha1-size80-round23-3.opb,timeout,-1,-1,-1,-1,4288,9456
@,normalized-7_6_19.opb,0,-,10.2635,0,10.2635,702,3281
@,normalized-single-obj-f26-ACDoubleLoss.seq-B-2-combined-abcdeir.opb,1,6333,0.0533274,0,0.0533274,191,475
@,normalized-8_6_29.opb,0,-,4877.13,0,4877.13,1406,6702
@,normalized-3_6_3.opb,0,-,0.0483169,0,0.0483169,42,161
@,normalized-7_6_28.opb,0,-,2723.07,0,2723.07,1260,5990
@,normalized-single-obj-f28-AC_ESSLoss.seq-B-2-2-irabcde.opb,1,93672,0.0518539,0,0.0518539,137,288
@,stein9.0.s.opb,1,-,0.0467639,0,0.0467639,9,14
&,128ebits_0.opb,timeout,-1,-1,-1,-1,256,3
@,normalized-4_7_4.opb,0,-,0.0601405,0,0.0601405,72,293
@,normalized-6_6_3.opb,0,-,0.0339506,0,0.0339506,90,374
@,normalized-ECrand6reg-v051-n1.opb,0,-,0.110123,0,0.110123,153,51
@,normalized-ECgrid3x40split.opb,0,-,0.594136,0,0.594136,241,121
&,normalized-sha1-size96-round23-8.opb,timeout,-1,-1,-1,-1,4288,9472
@,normalized-ECrand4regsplit-v090-n1.opb,0,-,0.140937,0,0.140937,179,90
@,air01.0.u.opb,0,-,0.0627443,0,0.0627443,771,24
@,normalized-rand6reg-v071-n1.opb,0,-,0.159439,0,0.159439,213,71
@,normalized-sha1-size80-round21-4.opb,1,-,6.92882,0,6.92882,3968,7856
@,normalized-sumineqArity3pyramidP0032.opb,0,-,0.0599299,0,0.0599299,1683,562
&,normalized-compression64_21.opb,timeout,-1,-1,-1,-1,7310,35790
@,normalized-vertexcover-grid4x27.opb,0,-,0.0597062,0,0.0597062,108,217
@,normalized-rand6reg-v061-n2.opb,0,-,0.129177,0,0.129177,183,61
&,normalized-sha1-size96-round22-0.opb,timeout,-1,-1,-1,-1,4128,8672
@,normalized-subsetcard-geq-random4regular-30.opb,0,-,0.0503455,0,0.0503455,121,60
&,air05.opb,timeout,-1,-1,-1,-1,7195,426
@,normalized-sumineqArity5pyramidP0064.opb,0,-,0.198776,0,0.198776,10725,2146
&,normalized-sha1-size128-round22-5.opb,timeout,-1,-1,-1,-1,4128,8704
@,normalized-single-obj-f19-ACTotalLoss.seq-B-2-2-abcdeir.opb,1,11562,0.0574577,0,0.0574577,233,577
@,normalized-rand6reg-v081-n1.opb,0,-,0.915843,0,0.915843,243,81
&,normalized-sha1-size128-round22-2.opb,timeout,-1,-1,-1,-1,4128,8704
@,normalized-single-obj-f20-ACTotalLoss.seq-B-3-1-irabcde.opb,1,891485,0.0547325,0,0.0547325,227,569
@,normalized-rand6reg-v041-n1.opb,0,-,0.0649747,0,0.0649747,123,41
@,normalized-4_5_16.opb,0,-,0.364823,0,0.364823,420,1925
@,normalized-single-obj-f19-ACTotalLoss.seq-B-3-2-abcdeir.opb,1,11603,0.0555505,0,0.0555505,227,569
@,normalized-single-obj-f20-ACTotalLoss.seq-B-2-2-irabcde.opb,1,201894,0.0532614,0,0.0532614,233,577
@,normalized-rand6reg-v021-n2.opb,0,-,0.060677,0,0.060677,63,21
@,normalized-subsetcard-eq-fixedbandwidth-50.opb,0,-,0.0500186,0,0.0500186,201,100
&,normalized-sha1-size96-round23-2.opb,timeout,-1,-1,-1,-1,4288,9472
&,normalized-sha1-size128-round23-0.opb,timeout,-1,-1,-1,-1,4288,9504
@,normalized-single-obj-f27-DC2Loss.seq-B-2-2-abcdeir.opb,1,22422,0.0521942,0,0.0521942,199,436
@,lp4l.0.s.opb,1,-,0.959659,0,0.959659,1086,86
&,normalized-sha1-size144-round22-5.opb,timeout,-1,-1,-1,-1,4128,8720
@,normalized-single-obj-f27-DC2Loss.seq-B-2-2-irEDCBA.opb,1,720504,0.0505122,0,0.0505122,199,436
@,normalized-vertexcover-grid4x23-hard.opb,0,-,0.0574956,0,0.0574956,92,185
@,normalized-4_5_7.opb,0,-,0.0734514,0,0.0734514,132,566
&,normalized-sha1-size112-round23-8.opb,timeout,-1,-1,-1,-1,4288,9488
&,normalized-sha1-size112-round22-4.opb,timeout,-1,-1,-1,-1,4128,8688
@,normalized-6_6_20.opb,0,-,53.1451,0,53.1451,702,3281
@,normalized-compression64_28.opb,1,-,0.585476,0,0.585476,8556,41957
@,normalized-single-obj-f26-ACDoubleLoss.seq-A-3-2-abcdeir.opb,1,226833,0.0504474,0,0.0504474,149,337
@,normalized-3col-almost3reg-l055-r054-n1.opb,0,-,3226.81,0,3226.81,2991,6388
@,normalized-7_6_18.opb,0,-,11.3832,0,11.3832,650,3030
@,normalized-8_6_20.opb,0,-,22.6011,0,22.6011,812,3813
@,normalized-rand6reg-v021-n1.opb,0,-,0.0721007,0,0.0721007,63,21
@,normalized-compression32_19.opb,1,-,0.329571,0,0.329571,2652,12806
@,normalized-3col-almost3reg-l040-r039-n1.opb,0,-,15.0018,0,15.0018,2196,4698
@,normalized-single-obj-f28-AC_ESSLoss.seq-A-3-2-EDCBAir.opb,1,-63,0.0501033,0,0.0501033,129,262
@,normalized-compression16_5.opb,0,-,0.123909,0,0.123909,462,2126
@,normalized-single-obj-f28-AC_ESSLoss.seq-B-2-2-abcdeir.opb,1,5412,0.0508956,0,0.0508956,137,288
@,normalized-single-obj-f27-DC2Loss.seq-B-2-combined-irEDCBA.opb,1,719328,0.0544408,0,0.0544408,211,476
@,normalized-vertexcover-grid6x15.opb,0,-,0.0573847,0,0.0573847,90,181
@,normalized-5_6_16.opb,0,-,5.40713,0,5.40713,462,2126
@,normalized-single-obj-f18-AC1Loss.seq-A-2-1-irEDCBA.opb,1,7150,0.0497653,0,0.0497653,86,178
&,normalized-sha1-size160-round23-7.opb,timeout,-1,-1,-1,-1,4288,9536
@,normalized-single-obj-f22-AC2Loss.seq-A-2-combined-irabcde.opb,1,7552,0.0511479,0,0.0511479,87,182
@,normalized-7_6_27.opb,0,-,1757.67,0,1757.67,1190,5649
@,normalized-single-obj-f23-DC1Loss.seq-B-3-2-irEDCBA.opb,1,720840,0.0515152,0,0.0515152,183,384
@,normalized-single-obj-f22-AC2Loss.seq-A-2-2-EDCBAir.opb,1,-83,0.0502756,0,0.0502756,84,172
@,normalized-single-obj-f20-ACTotalLoss.seq-B-3-2-EDCBAir.opb,1,-48457,0.0543212,0,0.0543212,227,569
@,normalized-4_7_1.opb,0,-,0.0368246,0,0.0368246,30,110
@,normalized-single-obj-f23-DC1Loss.seq-A-2-1-EDCBAir.opb,1,-4878,0.0542671,0,0.0542671,207,460
@,normalized-single-obj-f27-DC2Loss.seq-A-2-1-irabcde.opb,1,737472,0.0537809,0,0.0537809,207,460
@,normalized-4_6_3.opb,0,-,0.0354567,0,0.0354567,56,222
@,normalized-sumineqArity4pyramidP0064.opb,0,-,0.1752,0,0.1752,8580,2146
@,normalized-3_5_9.opb,0,-,0.0722919,0,0.0722919,156,677
&,normalized-sha1-size144-round22-1.opb,timeout,-1,-1,-1,-1,4128,8720
@,normalized-compression16_6.opb,0,-,0.139893,0,0.139893,506,2337
@,normalized-7_6_21.opb,0,-,61.5428,0,61.5428,812,3813
@,normalized-single-obj-f18-AC1Loss.seq-B-2-2-irabcde.opb,1,7264,0.0498134,0,0.0498134,84,172
@,normalized-2_3_1.opb,0,-,0.0360487,0,0.0360487,12,38
@,sentoy.0.s.opb,1,-,0.0514816,0,0.0514816,60,31
@,p0291.opb,1,7609041,0.0791076,0,0.0791076,291,252
@,normalized-rand6reg-v061-n1.opb,0,-,0.260584,0,0.260584,183,61
@,normalized-4_5_20.opb,0,-,1.98475,0,1.98475,600,2789
@,normalized-compression32_5.opb,0,-,0.365221,0,0.365221,1406,6664
&,normalized-sha1-size112-round23-7.opb,timeout,-1,-1,-1,-1,4288,9488
@,bm23.opb,1,34,0.0762299,0,0.0762299,27,20
&,normalized-sha1-size80-round22-0.opb,timeout,-1,-1,-1,-1,4128,8656
@,normalized-single-obj-f20-ACTotalLoss.seq-B-3-1-EDCBAir.opb,1,-76177,0.0573061,0,0.0573061,227,569
@,normalized-8_6_22.opb,0,-,76.3932,0,76.3932,930,4385
@,normalized-sha1-size112-round21-1.opb,1,-,93.6898,0,93.6898,3968,7888
@,normalized-4_5_6.opb,0,-,0.0639044,0,0.0639044,110,465
@,normalized-subsetcard-geq-fixedbandwidth-75.opb,0,-,0.0486896,0,0.0486896,301,150
@,normalized-vertexcover-grid4x7.opb,0,-,0.0491911,0,0.0491911,28,57
@,normalized-ECrand6reg-v101-n1.opb,0,-,0.268062,0,0.268062,303,101
@,normalized-3_7_3.opb,0,-,0.0512877,0,0.0512877,42,161
&,normalized-sha1-size128-round23-1.opb,timeout,-1,-1,-1,-1,4288,9504
@,normalized-compression32_7.opb,0,-,22.7565,0,22.7565,1560,7414
&,normalized-sha1-size160-round21-5.opb,timeout,-1,-1,-1,-1,3968,7936
@,normalized-single-obj-f18-AC1Loss.seq-B-3-2-EDCBAir.opb,1,-113,0.0502611,0,0.0502611,80,159
&,normalized-5_6_32.opb,timeout,-1,-1,-1,-1,1406,6702
@,normalized-3_6_5.opb,0,-,0.0573904,0,0.0573904,72,293
@,normalized-single-obj-f27-DC2Loss.seq-A-3-combined-irabcde.opb,1,749568,0.0511796,0,0.0511796,183,384
@,normalized-single-obj-f28-AC_ESSLoss.seq-A-2-2-EDCBAir.opb,1,-363,0.0520048,0,0.0520048,137,288
@,normalized-vertexcover-grid4x15-hard.opb,0,-,0.0537867,0,0.0537867,60,121
@,normalized-sumineqArity3pyramidP0125.opb,0,-,1.09845,0,1.09845,24003,8002
@,normalized-4_5_2.opb,0,-,0.035266,0,0.035266,42,161
@,normalized-3_4_5.opb,0,-,0.0564437,0,0.0564437,72,293
@,normalized-4_5_5.opb,0,-,0.0625514,0,0.0625514,90,374
@,normalized-single-obj-f28-AC_ESSLoss.seq-A-2-1-irEDCBA.opb,1,93237,0.0518779,0,0.0518779,141,300
@,normalized-single-obj-f27-DC2Loss.seq-A-2-2-irEDCBA.opb,1,720847,0.0506602,0,0.0506602,199,436
@,normalized-sumineqArity4houseP064.opb,0,-,0.326627,0,0.326627,16636,4160
&,normalized-sha1-size112-round21-8.opb,timeout,-1,-1,-1,-1,3968,7888
@,normalized-single-obj-f27-DC2Loss.seq-A-2-2-EDCBAir.opb,1,-1203,0.05304,0,0.05304,199,436
@,normalized-single-obj-f18-AC1Loss.seq-A-3-1-EDCBAir.opb,1,-23,0.0530797,0,0.0530797,80,159
@,stein9.opb,1,5,0.0468159,0,0.0468159,9,13
@,normalized-5_6_9.opb,0,-,0.0875821,0,0.0875821,210,929
@,normalized-single-obj-f21-DC_ESSLoss.seq-A-3-1-irEDCBA.opb,1,31,0.0500423,0,0.0500423,59,80
@,normalized-rand6reg-v071-n3.opb,0,-,0.2132,0,0.2132,213,71
@,air06.0.s.opb,1,-,199.174,0,199.174,8627,826
&,normalized-sha1-size160-round21-0.opb,timeout,-1,-1,-1,-1,3968,7936
@,normalized-2_5_2.opb,0,-,0.0354759,0,0.0354759,20,69
&,normalized-compression64_20.opb,timeout,-1,-1,-1,-1,7140,34949
@,normalized-single-obj-f26-ACDoubleLoss.seq-B-2-2-abcdeir.opb,1,6333,0.0522706,0,0.0522706,173,415
@,normalized-sha1-size96-round21-6.opb,1,-,210.776,0,210.776,3968,7872
@,normalized-3col-left3reg-l070-r069-n1.opb,0,-,16.4889,0,16.4889,5370,11615
@,normalized-single-obj-f19-ACTotalLoss.seq-B-3-2-irEDCBA.opb,1,889889,0.0559137,0,0.0559137,227,569
@,normalized-single-obj-f27-DC2Loss.seq-B-2-1-irabcde.opb,1,722968,0.0521357,0,0.0521357,207,460
@,normalized-2_7_3.opb,1,-,0.0532865,0,0.0532865,30,110
@,normalized-single-obj-f18-AC1Loss.seq-B-2-combined-EDCBAir.opb,1,-713,0.0532109,0,0.0532109,87,182
&,normalized-sha1-size80-round23-0.opb,timeout,-1,-1,-1,-1,4288,9456
@,normalized-ECrand6reg-v091-n1.opb,0,-,0.341672,0,0.341672,273,91
&,normalized-compression64_14.opb,timeout,-1,-1,-1,-1,6162,30113
@,p0033.opb,1,3089,0.049344,0,0.049344,33,16
&,normalized-sha1-size144-round23-7.opb,timeout,-1,-1,-1,-1,4288,9520
@,normalized-ECrand6reg-v031-n1.opb,0,-,0.0674027,0,0.0674027,93,31
@,normalized-single-obj-f22-AC2Loss.seq-B-2-combined-irabcde.opb,1,7264,0.0519437,0,0.0519437,87,182
@,normalized-3_4_3.opb,0,-,0.0370765,0,0.0370765,42,161
&,normalized-sha1-size160-round22-8.opb,timeout,-1,-1,-1,-1,4128,8736
@,normalized-2_7_1.opb,0,-,0.0349051,0,0.0349051,12,38
@,normalized-4_7_7.opb,1,-,0.0677644,0,0.0677644,132,566
@,normalized-subsetcard-geq-fixedbandwidth-25.opb,0,-,0.0497357,0,0.0497357,101,50
&,normalized-compression32_11.opb,timeout,-1,-1,-1,-1,1892,9034
@,normalized-5_6_13.opb,0,-,0.238205,0,0.238205,342,1553
@,normalized-vertexcover-grid4x21.opb,0,-,0.0538956,0,0.0538956,84,169
&,p0548.opb,timeout,-1,-1,-1,-1,548,176
@,normalized-5_6_25.opb,0,-,501.244,0,501.244,930,4385
@,normalized-6_6_6.opb,0,-,0.0702639,0,0.0702639,156,677
@,normalized-ECrand6reg-v061-n1.opb,0,-,0.0852935,0,0.0852935,183,61
@,normalized-6_6_13.opb,0,-,0.297754,0,0.297754,380,1734
@,normalized-subsetcard-eq-random4regular-70.opb,0,-,0.0506011,0,0.0506011,281,140
@,normalized-5_6_12.opb,0,-,0.319347,0,0.319347,306,1382
@,normalized-single-obj-f28-AC_ESSLoss.seq-A-2-1-abcdeir.opb,1,59412,0.0518246,0,0.0518246,141,300
@,normalized-3col-left3reg-l050-r049-n1.opb,0,-,3.89067,0,3.89067,3738,8089
@,normalized-subsetcard-eq-fixedbandwidth-25.opb,0,-,0.0497458,0,0.0497458,101,50
@,normalized-single-obj-f22-AC2Loss.seq-B-3-combined-irabcde.opb,1,7360,0.0503146,0,0.0503146,80,159
@,normalized-single-obj-f26-ACDoubleLoss.seq-B-3-1-EDCBAir.opb,1,-1017,0.0504643,0,0.0504643,149,337
@,normalized-single-obj-f20-ACTotalLoss.seq-B-3-combined-irEDCBA.opb,1,889385,0.0583237,0,0.0583237,239,629
@,normalized-compression64_24.opb,1,-,0.902501,0,0.902501,7832,38373
@,normalized-vertexcover-grid10x23.opb,0,-,0.0607965,0,0.0607965,230,461
@,normalized-5_6_1.opb,0,-,0.036513,0,0.036513,42,161
&,normalized-ECgrid5x120split.opb,timeout,-1,-1,-1,-1,1201,601
&,normalized-sha1-size160-round21-9.opb,timeout,-1,-1,-1,-1,3968,7936
@,normalized-single-obj-f23-DC1Loss.seq-A-3-1-abcdeir.opb,1,716822,0.0492267,0,0.0492267,183,384
@,normalized-vertexcover-grid4x5.opb,0,-,0.0483783,0,0.0483783,20,41
@,normalized-5_6_21.opb,0,-,39.2731,0,39.2731,702,3281
&,normalized-compression64_15.opb,timeout,-1,-1,-1,-1,6320,30894
@,normalized-compression64_6.opb,0,-,442.562,0,442.562,4970,24225
&,normalized-sha1-size144-round23-3.opb,timeout,-1,-1,-1,-1,4288,9520
@,normalized-7_7_10.opb,0,-,0.171336,0,0.171336,306,1382
@,normalized-subsetcard-geq-fixedbandwidth-15.opb,0,-,0.0485978,0,0.0485978,61,30
@,normalized-single-obj-f21-DC_ESSLoss.seq-A-3-combined-abcdeir.opb,1,337,0.049366,0,0.049366,59,80
@,normalized-3_6_1.opb,0,-,0.0363964,0,0.0363964,20,69
@,normalized-4_5_28.opb,0,-,21.9023,0,21.9023,1056,4997
@,normalized-4_5_21.opb,0,-,1.68702,0,1.68702,650,3030
@,normalized-5_6_14.opb,0,-,0.788468,0,0.788468,380,1734
&,normalized-5_6_28.opb,timeout,-1,-1,-1,-1,1122,5318
@,normalized-single-obj-f23-DC1Loss.seq-B-2-1-irEDCBA.opb,1,719328,0.053106,0,0.053106,207,460
@,normalized-single-obj-f27-DC2Loss.seq-B-2-combined-irabcde.opb,1,721792,0.05256,0,0.05256,211,476
@,normalized-3_5_11.opb,0,-,0.0820035,0,0.0820035,210,929
@,normalized-sha1-size144-round21-5.opb,1,-,1604.25,0,1604.25,3968,7920
@,normalized-5_6_2.opb,0,-,0.0350028,0,0.0350028,56,222
@,normalized-single-obj-f23-DC1Loss.seq-A-2-1-irEDCBA.opb,1,720700,0.0558897,0,0.0558897,207,460
@,normalized-compression32_8.opb,0,-,144.025,0,144.025,1640,7804
@,normalized-single-obj-f19-ACTotalLoss.seq-B-2-2-irEDCBA.opb,1,200802,0.0582261,0,0.0582261,233,577
@,normalized-sha1-size96-round21-4.opb,1,-,480.793,0,480.793,3968,7872
&,normalized-compression32_14.opb,timeout,-1,-1,-1,-1,2163,10354
@,normalized-single-obj-f22-AC2Loss.seq-B-2-2-irEDCBA.opb,1,7132,0.0510684,0,0.0510684,84,172
&,normalized-sha1-size144-round21-4.opb,timeout,-1,-1,-1,-1,3968,7920
&,normalized-compression64_12.opb,timeout,-1,-1,-1,-1,5852,28581
@,normalized-single-obj-f28-AC_ESSLoss.seq-B-3-combined-EDCBAir.opb,1,-438,0.0527645,0,0.0527645,129,262
@,normalized-rand6reg-v111-n3.opb,0,-,0.876441,0,0.876441,333,111
@,normalized-subsetcard-eq-fixedbandwidth-70.opb,0,-,0.0510271,0,0.0510271,281,140
@,air01.opb,1,6796,0.0751704,0,0.0751704,771,23
@,normalized-vertexcover-grid8x17-hard.opb,0,-,0.078593,0,0.078593,136,273
@,normalized-5_6_3.opb,0,-,0.0341438,0,0.0341438,72,293
@,normalized-vertexcover-grid10x25-hard.opb,0,-,0.306217,0,0.306217,250,501
&,normalized-sha1-size144-round23-0.opb,timeout,-1,-1,-1,-1,4288,9520
@,normalized-2_4_1.opb,0,-,0.036014,0,0.036014,12,38
@,normalized-vertexcover-grid10x15-hard.opb,0,-,0.139771,0,0.139771,150,301
@,normalized-rand6reg-v081-n2.opb,0,-,0.402067,0,0.402067,243,81
&,normalized-5_6_37.opb,timeout,-1,-1,-1,-1,1806,8657
&,normalized-sha1-size128-round22-1.opb,timeout,-1,-1,-1,-1,4128,8704
@,normalized-compression64_30.opb,1,-,0.561439,0,0.561439,8930,43809
@,normalized-single-obj-f23-DC1Loss.seq-B-3-2-irabcde.opb,1,724480,0.0513191,0,0.0513191,183,384
@,normalized-subsetcard-eq-random4regular-20.opb,0,-,0.0484766,0,0.0484766,81,40
@,normalized-single-obj-f23-DC1Loss.seq-B-2-2-EDCBAir.opb,1,-9778,0.0501067,0,0.0501067,199,436
@,normalized-vertexcover-completegraph-5.opb,0,-,0.0503281,0,0.0503281,5,11
@,normalized-3col-left3reg-l010-r010-n1.opb,0,-,0.0889669,0,0.0889669,753,1604
@,normalized-single-obj-f20-ACTotalLoss.seq-A-2-2-irEDCBA.opb,1,201558,0.0576665,0,0.0576665,233,577
@,normalized-2_6_0.opb,0,-,0.0361724,0,0.0361724,6,17
@,normalized-single-obj-f19-ACTotalLoss.seq-A-3-combined-irabcde.opb,1,892241,0.0553496,0,0.0553496,239,629
@,air03.opb,1,340160,64.3549,0,64.3549,10757,124
@,normalized-5_7_3.opb,0,-,0.0363944,0,0.0363944,72,293
@,normalized-compression16_11.opb,1,-,8.60645,0,8.60645,756,3514
@,normalized-ECgrid3x20split.opb,0,-,0.119288,0,0.119288,121,61
@,normalized-vertexcover-grid4x13-hard.opb,0,-,0.0527249,0,0.0527249,52,105
@,normalized-single-obj-f21-DC_ESSLoss.seq-B-3-1-EDCBAir.opb,1,-41,0.0498434,0,0.0498434,59,80
@,normalized-single-obj-f19-ACTotalLoss.seq-B-2-1-irEDCBA.opb,1,200298,0.0560511,0,0.0560511,253,637
&,normalized-sha1-size80-round23-8.opb,timeout,-1,-1,-1,-1,4288,9456
@,normalized-subsetcard-eq-random4regular-15.opb,0,-,0.0493909,0,0.0493909,61,30
@,normalized-5_6_22.opb,0,-,174.121,0,174.121,756,3542
@,normalized-compression64_23.opb,1,-,5.2499,0,5.2499,7656,37502
@,normalized-vertexcover-completegraph-25.opb,0,-,0.0491191,0,0.0491191,25,301
@,normalized-vertexcover-grid4x19-hard.opb,0,-,0.0533763,0,0.0533763,76,153
&,normalized-sha1-size96-round23-3.opb,timeout,-1,-1,-1,-1,4288,9472
&,normalized-sha1-size112-round23-5.opb,timeout,-1,-1,-1,-1,4288,9488
@,normalized-3col-almost3reg-l050-r049-n1.opb,0,-,709.558,0,709.558,2760,5870
@,normalized-5_7_1.opb,0,-,0.0371341,0,0.0371341,42,161
@,normalized-sha1-size128-round21-0.opb,1,-,678.032,0,678.032,3968,7904
@,normalized-2_3_5.opb,0,-,0.0556187,0,0.0556187,56,222
@,normalized-3_6_4.opb,0,-,0.0579957,0,0.0579957,56,222
@,normalized-2_3_0.opb,0,-,0.0355254,0,0.0355254,6,17
@,normalized-vertexcover-grid10x29-hard.opb,0,-,0.416248,0,0.416248,290,581
&,normalized-sha1-size128-round23-2.opb,timeout,-1,-1,-1,-1,4288,9504
@,normalized-vertexcover-grid8x21-hard.opb,0,-,0.101771,0,0.101771,168,337
@,normalized-single-obj-f22-AC2Loss.seq-B-2-1-irEDCBA.opb,1,7096,0.0501608,0,0.0501608,86,178
@,normalized-single-obj-f28-AC_ESSLoss.seq-B-2-combined-irEDCBA.opb,1,92862,0.0545378,0,0.0545378,143,308
@,normalized-ECgrid3x70split.opb,0,-,1.79013,0,1.79013,421,211
@,normalized-sumineqArity4houseP016.opb,0,-,0.0530666,0,0.0530666,1084,272
@,normalized-sha1-size128-round21-5.opb,1,-,31.9918,0,31.9918,3968,7904
@,normalized-5_6_17.opb,0,-,3.20311,0,3.20311,506,2337
@,normalized-7_7_0.opb,0,-,0.034737,0,0.034737,56,222
@,normalized-compression8_18.opb,1,-,0.913707,0,0.913707,702,3281
@,normalized-compression8_14.opb,0,-,26.5188,0,26.5188,506,2337
@,normalized-rand6reg-v101-n1.opb,0,-,1.44501,0,1.44501,303,101
@,normalized-sha1-size112-round21-4.opb,1,-,1.07483,0,1.07483,3968,7888
&,normalized-sha1-size96-round23-4.opb,timeout,-1,-1,-1,-1,4288,9472
@,normalized-subsetcard-eq-fixedbandwidth-55.opb,0,-,0.0495222,0,0.0495222,221,110
@,normalized-vertexcover-grid6x7-hard.opb,0,-,0.0520934,0,0.0520934,42,85
@,normalized-compression8_25.opb,1,-,0.189484,0,0.189484,1122,5318
@,normalized-vertexcover-grid6x15-hard.opb,0,-,0.0570131,0,0.0570131,90,181
&,normalized-sha1-size128-round23-5.opb,timeout,-1,-1,-1,-1,4288,9504
@,normalized-ECrand4regsplit-v060-n1.opb,0,-,0.162083,0,0.162083,119,60
@,normalized-6_6_23.opb,0,-,166.405,0,166.405,870,4094
&,normalized-sha1-size80-round23-2.opb,timeout,-1,-1,-1,-1,4288,9456
@,normalized-5_6_18.opb,0,-,11.5992,0,11.5992,552,2558
@,normalized-sha1-size96-round21-1.opb,1,-,65.0443,0,65.0443,3968,7872
@,normalized-vertexcover-grid6x25-hard.opb,0,-,0.0656386,0,0.0656386,150,301
@,normalized-4_7_6.opb,0,-,0.0657336,0,0.0657336,110,465
@,normalized-6_6_2.opb,0,-,0.0371206,0,0.0371206,72,293
@,normalized-vertexcover-grid10x19.opb,0,-,0.0579163,0,0.0579163,190,381
@,normalized-3_4_9.opb,0,-,0.0693311,0,0.0693311,156,677
@,normalized-sha1-size80-round21-1.opb,1,-,8.23699,0,8.23699,3968,7856
@,normalized-sha1-size128-round21-2.opb,1,-,2076.16,0,2076.16,3968,7904
@,normalized-single-obj-f28-AC_ESSLoss.seq-B-2-2-EDCBAir.opb,1,-2238,0.0512109,0,0.0512109,137,288
@,normalized-sha1-size80-round21-8.opb,1,-,25.7675,0,25.7675,3968,7856
@,normalized-sha1-size80-round21-5.opb,1,-,3439.21,0,3439.21,3968,7856
@,normalized-vertexcover-grid4x19.opb,0,-,0.0497669,0,0.0497669,76,153
@,normalized-2_3_3.opb,0,-,0.0345954,0,0.0345954,30,110
@,normalized-7_7_15.opb,0,-,6.17553,0,6.17553,506,2337
@,normalized-4_5_10.opb,0,-,0.0848859,0,0.0848859,210,929
@,normalized-4_6_8.opb,1,-,0.0598671,0,0.0598671,156,677
&,normalized-sha1-size128-round22-4.opb,timeout,-1,-1,-1,-1,4128,8704
@,normalized-single-obj-f20-ACTotalLoss.seq-A-2-2-abcdeir.opb,1,80862,0.0581826,0,0.0581826,233,577
@,normalized-subsetcard-eq-fixedbandwidth-40.opb,0,-,0.0510198,0,0.0510198,161,80
&,normalized-sha1-size160-round23-4.opb,timeout,-1,-1,-1,-1,4288,9536
@,normalized-single-obj-f27-DC2Loss.seq-A-2-combined-irEDCBA.opb,1,720700,0.0562465,0,0.0562465,211,476
&,normalized-compression64_8.opb,timeout,-1,-1,-1,-1,5256,25637
&,normalized-3col-almost3reg-l100-r099-n1.opb,timeout,-1,-1,-1,-1,5394,11482
@,normalized-compression8_17.opb,1,-,2.2353,0,2.2353,650,3030
&,normalized-6_6_31.opb,timeout,-1,-1,-1,-1,1406,6702
@,normalized-single-obj-f20-ACTotalLoss.seq-A-3-1-EDCBAir.opb,1,-10837,0.0562941,0,0.0562941,227,569
@,normalized-vertexcover-grid10x11-hard.opb,0,-,0.101342,0,0.101342,110,221
&,normalized-sha1-size128-round21-3.opb,timeout,-1,-1,-1,-1,3968,7904
@,normalized-vertexcover-grid4x29.opb,0,-,0.0614856,0,0.0614856,116,233
@,normalized-6_6_11.opb,0,-,0.107894,0,0.107894,306,1382
@,p0291.0.s.opb,1,-,0.0492984,0,0.0492984,291,253
@,normalized-vertexcover-grid6x29.opb,0,-,0.0625541,0,0.0625541,174,349
@,normalized-subsetcard-eq-random4regular-40.opb,0,-,0.0498857,0,0.0498857,161,80
&,normalized-5_6_35.opb,timeout,-1,-1,-1,-1,1640,7845
@,normalized-sha1-size80-round21-7.opb,1,-,180.716,0,180.716,3968,7856
@,normalized-single-obj-f28-AC_ESSLoss.seq-B-2-combined-abcdeir.opb,1,5412,0.0497323,0,0.0497323,143,308
&,normalized-sha1-size144-round23-4.opb,timeout,-1,-1,-1,-1,4288,9520
@,normalized-compression8_19.opb,1,-,0.1608,0,0.1608,756,3542
@,normalized-single-obj-f20-ACTotalLoss.seq-B-3-1-abcdeir.opb,1,39323,0.0552622,0,0.0552622,227,569
@,p0040.opb,1,62027,0.0470331,0,0.0470331,40,23
@,normalized-single-obj-f28-AC_ESSLoss.seq-B-2-1-irEDCBA.opb,1,92862,0.053418,0,0.053418,141,300
@,normalized-7_7_2.opb,0,-,0.0368114,0,0.0368114,90,374
@,normalized-single-obj-f21-DC_ESSLoss.seq-B-2-2-irabcde.opb,1,40,0.0497646,0,0.0497646,59,80
@,normalized-rand6reg-v021-n3.opb,0,-,0.0559026,0,0.0559026,63,21
@,normalized-single-obj-f27-DC2Loss.seq-A-2-2-abcdeir.opb,1,179222,0.0528138,0,0.0528138,199,436
@,normalized-4_7_0.opb,0,-,0.0353995,0,0.0353995,20,69
@,normalized-compression32_17.opb,1,-,2.91168,0,2.91168,2450,11814
@,normalized-single-obj-f23-DC1Loss.seq-B-2-combined-EDCBAir.opb,1,-39178,0.0582561,0,0.0582561,211,476
@,normalized-single-obj-f22-AC2Loss.seq-A-2-1-EDCBAir.opb,1,-173,0.050034,0,0.050034,86,178
@,normalized-6_6_9.opb,0,-,0.0806598,0,0.0806598,240,1070
@,normalized-sumineqArity5pyramidP0032.opb,0,-,0.0642524,0,0.0642524,2805,562
@,normalized-3_5_1.opb,0,-,0.0310851,0,0.0310851,20,69
@,normalized-compression16_16.opb,1,-,0.128469,0,0.128469,1056,4964
@,normalized-sumineqArity5houseP016.opb,0,-,0.0568296,0,0.0568296,1355,272
@,normalized-single-obj-f23-DC1Loss.seq-B-3-2-EDCBAir.opb,1,-1378,0.0512379,0,0.0512379,183,384
@,normalized-compression16_10.opb,0,-,22.886,0,22.886,702,3254
@,normalized-vertexcover-grid8x29-hard.opb,0,-,0.173195,0,0.173195,232,465
@,normalized-2_4_3.opb,0,-,0.034241,0,0.034241,30,110
@,normalized-5_6_26.opb,0,-,3299.79,0,3299.79,992,4686
@,normalized-ECrand4regsplit-v110-n1.opb,0,-,0.516298,0,0.516298,219,110
@,normalized-vertexcover-completegraph-45.opb,0,-,0.0531869,0,0.0531869,45,991
@,normalized-3_7_2.opb,0,-,0.0369149,0,0.0369149,30,110
@,normalized-single-obj-f26-ACDoubleLoss.seq-A-2-combined-EDCBAir.opb,1,-2592,0.0564498,0,0.0564498,191,475
@,normalized-sha1-size80-round21-0.opb,1,-,322.871,0,322.871,3968,7856
@,normalized-ECrand4regsplit-v030-n1.opb,0,-,0.0594738,0,0.0594738,59,30
@,normalized-rand6reg-v091-n3.opb,0,-,0.72628,0,0.72628,273,91
&,normalized-sha1-size96-round23-7.opb,timeout,-1,-1,-1,-1,4288,9472
@,normalized-single-obj-f26-ACDoubleLoss.seq-A-3-2-irEDCBA.opb,1,256603,0.0541174,0,0.0541174,149,337
@,normalized-rand6reg-v031-n2.opb,0,-,0.0958506,0,0.0958506,93,31
@,normalized-compression64_29.opb,1,-,0.576075,0,0.576075,8742,42878
@,pipex.0.s.opb,1,-,0.0515246,0,0.0515246,48,26
@,normalized-vertexcover-grid6x27.opb,0,-,0.0575086,0,0.0575086,162,325
@,normalized-vertexcover-completegraph-37.opb,0,-,0.0489716,0,0.0489716,37,667
&,normalized-sha1-size144-round21-2.opb,timeout,-1,-1,-1,-1,3968,7920
@,normalized-8_6_26.opb,0,-,482.863,0,482.863,1190,5649
@,normalized-single-obj-f27-DC2Loss.seq-B-3-1-abcdeir.opb,1,89622,0.0514962,0,0.0514962,183,384
@,normalized-sumineqArity4houseP128.opb,0,-,6.5024,0,6.5024,66044,16512
@,normalized-single-obj-f27-DC2Loss.seq-A-3-2-EDCBAir.opb,1,-153,0.0536446,0,0.0536446,183,384
@,normalized-subsetcard-geq-random4regular-35.opb,0,-,0.0493133,0,0.0493133,141,70
@,normalized-vertexcover-grid4x11-hard.opb,0,-,0.0511865,0,0.0511865,44,89
&,22array_alg_ineq7.opb,timeout,-1,-1,-1,-1,3080,2995
@,normalized-single-obj-f19-ACTotalLoss.seq-A-3-2-irEDCBA.opb,1,890645,0.0577939,0,0.0577939,227,569
@,normalized-compression64_3.opb,0,-,0.123639,0,0.123639,4556,22182
@,normalized-compression64_4.opb,0,-,0.530208,0,0.530208,4692,22853
@,normalized-vertexcover-grid6x9-hard.opb,0,-,0.0520862,0,0.0520862,54,109
@,normalized-3_6_6.opb,1,-,0.0612872,0,0.0612872,90,374
@,normalized-3_4_2.opb,0,-,0.0365985,0,0.0365985,30,110
@,normalized-4_5_1.opb,0,-,0.0352674,0,0.0352674,30,110
@,normalized-4_6_1.opb,0,-,0.0342823,0,0.0342823,30,110
@,normalized-3col-almost3reg-l010-r009-n1.opb,0,-,0.0899789,0,0.0899789,648,1374
&,normalized-sha1-size112-round22-8.opb,timeout,-1,-1,-1,-1,4128,8688
@,normalized-single-obj-f23-DC1Loss.seq-B-2-combined-abcdeir.opb,1,22422,0.053372,0,0.053372,211,476
@,normalized-subsetcard-geq-fixedbandwidth-80.opb,0,-,0.0519058,0,0.0519058,321,160
@,normalized-2_4_6.opb,1,-,0.0529117,0,0.0529117,72,293
@,normalized-subsetcard-eq-random4regular-55.opb,0,-,0.0520289,0,0.0520289,221,110
@,normalized-vertexcover-grid8x15-hard.opb,0,-,0.0769768,0,0.0769768,120,241
&,normalized-sha1-size160-round21-1.opb,timeout,-1,-1,-1,-1,3968,7936
@,air02.0.s.opb,1,-,0.336449,0,0.336449,6774,51
@,normalized-single-obj-f19-ACTotalLoss.seq-B-2-combined-irEDCBA.opb,1,200298,0.0601528,0,0.0601528,263,677
&,normalized-sha1-size144-round23-1.opb,timeout,-1,-1,-1,-1,4288,9520
@,normalized-single-obj-f22-AC2Loss.seq-B-2-1-irabcde.opb,1,7300,0.0499677,0,0.0499677,86,178
&,air04.opb,timeout,-1,-1,-1,-1,8904,823
@,normalized-subsetcard-geq-random4regular-40.opb,0,-,0.0505238,0,0.0505238,161,80
@,normalized-single-obj-f18-AC1Loss.seq-A-3-combined-abcdeir.opb,1,7687,0.0496013,0,0.0496013,80,159
@,normalized-rand6reg-v031-n3.opb,0,-,0.124337,0,0.124337,93,31
@,normalized-3_7_4.opb,1,-,0.0526743,0,0.0526743,56,222
@,normalized-vertexcover-grid4x17-hard.opb,0,-,0.0538751,0,0.0538751,68,137
@,normalized-2_3_2.opb,0,-,0.0341365,0,0.0341365,20,69
@,normalized-2_5_0.opb,0,-,0.0353542,0,0.0353542,6,17
@,lseu.opb,1,1120,1.48239,0,1.48239,89,28
@,normalized-4_5_26.opb,0,-,12.9329,0,12.9329,930,4385
&,21array_alg_ineq7.opb,timeout,-1,-1,-1,-1,2814,2733
@,normalized-vertexcover-grid6x23.opb,0,-,0.0584603,0,0.0584603,138,277
@,normalized-vertexcover-completegraph-23.opb,0,-,0.0516225,0,0.0516225,23,254
&,normalized-sha1-size144-round22-6.opb,timeout,-1,-1,-1,-1,4128,8720
@,normalized-3col-almost3reg-l015-r014-n1.opb,0,-,0.128803,0,0.128803,900,1920
@,normalized-4_5_4.opb,0,-,0.0591921,0,0.0591921,72,293
@,normalized-ECrand6reg-v071-n1.opb,0,-,0.327651,0,0.327651,213,71
@,normalized-single-obj-f26-ACDoubleLoss.seq-A-2-combined-irEDCBA.opb,1,256533,0.0541871,0,0.0541871,191,475
@,normalized-single-obj-f23-DC1Loss.seq-A-2-2-EDCBAir.opb,1,-1203,0.0527501,0,0.0527501,199,436
@,normalized-single-obj-f23-DC1Loss.seq-A-2-1-irabcde.opb,1,737472,0.0526685,0,0.0526685,207,460
@,normalized-4_5_27.opb,0,-,12.4163,0,12.4163,992,4686
@,normalized-single-obj-f22-AC2Loss.seq-B-2-1-EDCBAir.opb,1,-713,0.0509312,0,0.0509312,86,178
&,normalized-sha1-size144-round23-6.opb,timeout,-1,-1,-1,-1,4288,9520
@,normalized-rand6reg-v071-n2.opb,0,-,0.224572,0,0.224572,213,71
&,normalized-compression32_12.opb,timeout,-1,-1,-1,-1,1980,9464
@,normalized-4_6_4.opb,0,-,0.0591753,0,0.0591753,72,293
@,normalized-single-obj-f28-AC_ESSLoss.seq-A-2-combined-EDCBAir.opb,1,-1113,0.0536864,0,0.0536864,143,308
@,normalized-2_4_2.opb,0,-,0.0353182,0,0.0353182,20,69
@,normalized-subsetcard-geq-fixedbandwidth-60.opb,0,-,0.0493811,0,0.0493811,241,120
@,normalized-subsetcard-geq-random4regular-15.opb,0,-,0.0505996,0,0.0505996,61,30
@,normalized-single-obj-f23-DC1Loss.seq-B-2-1-abcdeir.opb,1,51822,0.0527666,0,0.0527666,207,460
@,air01.0.s.opb,1,-,0.0632575,0,0.0632575,771,24
@,normalized-vertexcover-completegraph-47.opb,0,-,0.0509585,0,0.0509585,47,1082
&,normalized-sha1-size160-round23-2.opb,timeout,-1,-1,-1,-1,4288,9536
@,p0291.0.u.opb,0,-,0.0498917,0,0.0498917,291,253
@,normalized-3col-left3reg-l080-r079-n1.opb,0,-,36.4643,0,36.4643,5685,12275
&,normalized-sha1-size160-round22-9.opb,timeout,-1,-1,-1,-1,4128,8736
@,normalized-2_4_5.opb,0,-,0.0535286,0,0.0535286,56,222
@,normalized-subsetcard-geq-random4regular-45.opb,0,-,0.0487685,0,0.0487685,181,90
@,normalized-vertexcover-grid6x21-hard.opb,0,-,0.0673061,0,0.0673061,126,253
@,normalized-single-obj-f19-ACTotalLoss.seq-B-3-combined-EDCBAir.opb,1,-76177,0.0570821,0,0.0570821,239,629
@,normalized-vertexcover-grid10x21.opb,0,-,0.0572895,0,0.0572895,210,421
@,normalized-ECrand6reg-v021-n1.opb,0,-,0.0568572,0,0.0568572,63,21
@,normalized-single-obj-f20-ACTotalLoss.seq-B-3-combined-abcdeir.opb,1,11603,0.0574975,0,0.0574975,239,629
@,normalized-7_6_22.opb,0,-,81.7177,0,81.7177,870,4094
@,pipex.0.u.opb,0,-,0.0508999,0,0.0508999,48,26
@,normalized-6_6_8.opb,0,-,0.0788217,0,0.0788217,210,929
&,normalized-sha1-size80-round23-5.opb,timeout,-1,-1,-1,-1,4288,9456
@,normalized-5_7_2.opb,0,-,0.0342471,0,0.0342471,56,222
@,normalized-subsetcard-eq-random4regular-35.opb,0,-,0.050743,0,0.050743,141,70
@,normalized-sha1-size112-round21-2.opb,1,-,908.466,0,908.466,3968,7888
@,normalized-single-obj-f26-ACDoubleLoss.seq-A-3-1-irabcde.opb,1,263088,0.0527378,0,0.0527378,149,337
&,normalized-sha1-size80-round22-5.opb,timeout,-1,-1,-1,-1,4128,8656
@,normalized-single-obj-f47-DC-Side1.seq-B-2-1-EDCBAir.opb,1,-1593213266,0.165698,0,0.165698,6015,17521
@,normalized-subsetcard-eq-fixedbandwidth-75.opb,0,-,0.051113,0,0.051113,301,150
&,normalized-sha1-size96-round22-3.opb,timeout,-1,-1,-1,-1,4128,8672
@,normalized-single-obj-f26-ACDoubleLoss.seq-B-2-combined-irabcde.opb,1,256788,0.0514221,0,0.0514221,191,475
@,normalized-single-obj-f21-DC_ESSLoss.seq-B-3-1-abcdeir.opb,1,169,0.048752,0,0.048752,59,80
&,normalized-sha1-size160-round23-5.opb,timeout,-1,-1,-1,-1,4288,9536
&,normalized-sha1-size128-round21-1.opb,timeout,-1,-1,-1,-1,3968,7904
@,normalized-subsetcard-geq-fixedbandwidth-55.opb,0,-,0.0492958,0,0.0492958,221,110
@,normalized-4_5_11.opb,0,-,0.0879997,0,0.0879997,240,1070
